sim_text,sim_value,name
软瓶挤压器,0.88349944,包装瓶(水包装瓶)
一种包装钢桶及其加工工艺,0.8212722,包装瓶(水包装瓶)
用于以液态至膏状的食物和饮品灌装包装件、尤其是瓶子或杯子的设备,0.71712625,包装瓶(水包装瓶)
软瓶装箱机,0.72339594,包装瓶(水包装瓶)
一种包装组件,0.7312613,包装瓶(水包装瓶)
一种饮料罐,0.75183356,包装瓶(水包装瓶)
一种玻璃蘸水笔用包装礼盒,0.75314826,包装瓶(水包装瓶)
一种粉体包装装置,0.7752835,包装瓶(水包装瓶)
包装盒(电动充气泵),0.78327674,包装瓶(水包装瓶)
内循环真空上水瓶,0.79194975,包装瓶(水包装瓶)
中型散装容器,0.8059559,包装瓶(水包装瓶)
一种内置吸管式饮料盒,0.8085954,包装瓶(水包装瓶)
种植体包装容器,0.80880404,包装瓶(水包装瓶)
一种固装储水箱的玩具水枪,0.8099213,包装瓶(水包装瓶)
一种新型包装组件,0.81976134,包装瓶(水包装瓶)
一种塑料瓶瓶口修剪装置,0.8226512,包装瓶(水包装瓶)
包装盒(灯),0.71463025,包装瓶(水包装瓶)
柔性水桶装配设备及柔性水桶装配方法,0.8282085,包装瓶(水包装瓶)
一种蜂蜜瓶盖及其蜂蜜瓶子,0.84164035,包装瓶(水包装瓶)
一种玻璃瓶模具的清洗装置,0.84589577,包装瓶(水包装瓶)
扁平状物品包装体、放置架及包装方法,0.8540993,包装瓶(水包装瓶)
箱装置,0.86292374,包装瓶(水包装瓶)
钢瓶清洗装置,0.8687292,包装瓶(水包装瓶)
中间包包盖浇注料,0.8731107,包装瓶(水包装瓶)
一种正渗透水袋,0.87859786,包装瓶(水包装瓶)
包装盒(453),0.8847368,包装瓶(水包装瓶)
一种润滑油用盒式容器,0.8854496,包装瓶(水包装瓶)
一种折叠拆装型纸质包装箱,0.8854666,包装瓶(水包装瓶)
蔬菜的保存用容器,0.8985005,包装瓶(水包装瓶)
一种家用水瓶,0.66960424,包装瓶(水包装瓶)
一种升降压电路,0.6441464,一种可升降信号灯
一种高度可调式LED路灯,0.6762405,一种可升降信号灯
一种反光指示牌,0.89727396,一种可升降信号灯
一种LED灯条旋转显示控制系统及显示方法,0.848929,一种可升降信号灯
一种直升机停机坪用LED照明灯,0.697095,一种可升降信号灯
一种可控硅调光调色温筒灯电路,0.89464355,一种可升降信号灯
一种部件内置式升降杆,0.728371,一种可升降信号灯
一种可升降平板车,0.7541541,一种可升降信号灯
一种自动调节间距且可升降的输送设备教学仪器,0.7875511,一种可升降信号灯
一种节能灯,0.7921711,一种可升降信号灯
一种消防灯,0.80119085,一种可升降信号灯
一种电梯井道照明灯具,0.8113754,一种可升降信号灯
一种升降橱柜,0.8197585,一种可升降信号灯
一种带多种警示颜色的应急灯逃生系统,0.83246785,一种可升降信号灯
一种液压升降式课桌椅,0.8398319,一种可升降信号灯
医用吊塔升降系统,0.84498435,一种可升降信号灯
一种智能方灯,0.7476952,一种可升降信号灯
一种可延时关闭的灯具,0.8540509,一种可升降信号灯
一种稳固性强的LED灯调节支架,0.87231696,一种可升降信号灯
一种升压电路以及充电器,0.8587486,一种可升降信号灯
互为交叉备用的航标灯系统,0.89131624,一种可升降信号灯
一种高度可调节的便携式灭虫装置,0.8906147,一种可升降信号灯
一种LED灯加工系统,0.8844803,一种可升降信号灯
一种便于拆卸的散热型巷道灯,0.88099426,一种可升降信号灯
一种多功能杀虫灯,0.8899898,一种可升降信号灯
用于成型设备的型芯升降器,0.8719048,一种可升降信号灯
中心旋转升降台,0.865161,一种可升降信号灯
一种节能型多功能台灯,0.86323607,一种可升降信号灯
一种具有蓝牙音乐功能的LED灯,0.8601678,一种可升降信号灯
一种装配台车的二次升降机构,0.8595806,一种可升降信号灯
分离装置以及分离方法,0.77479786,一种分块式水导瓦拆卸工具
一种电动装、拆接地线工具,0.7890714,一种分块式水导瓦拆卸工具
分离膜组件及设备,0.8121245,一种分块式水导瓦拆卸工具
一种固液分离装置,0.8171792,一种分块式水导瓦拆卸工具
一种用于卷式膜组件的分割设备,0.82190865,一种分块式水导瓦拆卸工具
一种油水分离装置及油水分离装置管串,0.82379055,一种分块式水导瓦拆卸工具
一种组合式电力操作杆,0.83715105,一种分块式水导瓦拆卸工具
一种机械工程用挡板,0.84144646,一种分块式水导瓦拆卸工具
一种土工布生产用压布切布装置,0.8421971,一种分块式水导瓦拆卸工具
一种物料沉降分离装置,0.84276056,一种分块式水导瓦拆卸工具
一种活动盖板拆装组件和包含其的锅体上盖及电饭煲,0.84807974,一种分块式水导瓦拆卸工具
一种多组件松土装置,0.8658766,一种分块式水导瓦拆卸工具
一种具有管式分形结构的非均相分离装置,0.8534502,一种分块式水导瓦拆卸工具
一种适用于水槽的垃圾分离机,0.86471176,一种分块式水导瓦拆卸工具
一种电表生产用壳体加工装置,0.8650905,一种分块式水导瓦拆卸工具
一种电缆剪切装置,0.86519706,一种分块式水导瓦拆卸工具
一种分体式发电机组散热装置,0.8676614,一种分块式水导瓦拆卸工具
一种落地式链节拆装机,0.86782473,一种分块式水导瓦拆卸工具
一种立式水动力固液分离设备,0.87345773,一种分块式水导瓦拆卸工具
一种高强度自支撑的油水分离膜及其制备方法,0.87367254,一种分块式水导瓦拆卸工具
一种锂电池涂布机导辊支撑结构,0.8745651,一种分块式水导瓦拆卸工具
一种应用于定距分割防火板的设备,0.87553674,一种分块式水导瓦拆卸工具
一种方形电池拆解机及其拆解设备,0.7566224,一种分块式水导瓦拆卸工具
易拆卸标牌及其安装工艺,0.7653584,一种分块式水导瓦拆卸工具
一种可断裂式的机罩支撑件及汽车,0.8786377,一种分块式水导瓦拆卸工具
一种带式油水分离装置,0.728962,一种分块式水导瓦拆卸工具
一种分体拆卸式拖把桶,0.59782714,一种分块式水导瓦拆卸工具
一种工程机械后盖浇铸用分体式砂芯,0.8791419,一种分块式水导瓦拆卸工具
一种辅助拉手结构及安装方法,0.72356796,一种分块式水导瓦拆卸工具
记账方法、装置及电子设备,0.56766945,电子设备、电子设备系统
电子设备和电子设备的控制方法,0.42369467,电子设备、电子设备系统
电子装置,0.4900721,电子设备、电子设备系统
一种电子设备及其驱动机构,0.49207726,电子设备、电子设备系统
控制设备和控制系统,0.49552336,电子设备、电子设备系统
电子装置以及触控系统,0.49908358,电子设备、电子设备系统
触控装置和电子设备,0.5064328,电子设备、电子设备系统
电子设备的壳体及电子设备,0.55056006,电子设备、电子设备系统
电子装置及其控制方法,0.60225683,电子设备、电子设备系统
自动装配设备,0.5838711,电子设备、电子设备系统
一种基于电子控制的机械铸造设备,0.6078963,电子设备、电子设备系统
一种电气设备自动化控制柜,0.61322886,电子设备、电子设备系统
管理一批设备,0.62049806,电子设备、电子设备系统
一种处理方法、装置及电子设备,0.62261593,电子设备、电子设备系统
自动装置的检测系统,0.6248422,电子设备、电子设备系统
电子信息展示装置,0.6351094,电子设备、电子设备系统
电子设备的壳体及其制作方法、电子设备,0.6361351,电子设备、电子设备系统
一种信息交互方法、装置及电子设备,0.63932955,电子设备、电子设备系统
显示模组及其制造方法与电子装置,0.64409626,电子设备、电子设备系统
转轴装置和电子设备,0.6070875,电子设备、电子设备系统
电子装置、数据处理方法及相关产品,0.6443265,电子设备、电子设备系统
一种料管自动打销钉设备,0.8469503,一种矿灯槽盖注塑模具
一种用于塑料制品的打孔设备,0.82550806,一种矿灯槽盖注塑模具
O型圈成型模具,0.8690761,一种矿灯槽盖注塑模具
一种汽车门板注塑模具的二次顶出机构,0.8667819,一种矿灯槽盖注塑模具
一种光模块,0.86600643,一种矿灯槽盖注塑模具
设有多爪浇口的齿轮模具,0.8564992,一种矿灯槽盖注塑模具
一种多合一锻造轮毂模具,0.8550611,一种矿灯槽盖注塑模具
一种模板尺,0.85320014,一种矿灯槽盖注塑模具
一种卡扣加工方法及其复合模具,0.8525245,一种矿灯槽盖注塑模具
一种玻璃孔打磨装置,0.8478325,一种矿灯槽盖注塑模具
模块化圆筒锁,0.8431271,一种矿灯槽盖注塑模具
一种木塑复合材料生产专用模具材料,0.8371305,一种矿灯槽盖注塑模具
一种恒温手机壳注塑模具,0.8255563,一种矿灯槽盖注塑模具
一种实用性强的梁模具,0.87332296,一种矿灯槽盖注塑模具
锚板铣孔用生产设备,0.7974975,一种矿灯槽盖注塑模具
模具存放架,0.78854585,一种矿灯槽盖注塑模具
一种不易损坏的LED矿灯,0.7776602,一种矿灯槽盖注塑模具
模具用注射装置安装板以及模具,0.77052015,一种矿灯槽盖注塑模具
灯管磨丝冲孔设备,0.7683252,一种矿灯槽盖注塑模具
一种金属制品铸造用冲压模具,0.7679547,一种矿灯槽盖注塑模具
一种多用化LED工矿灯,0.7641887,一种矿灯槽盖注塑模具
螺纹盖成型模,0.75646466,一种矿灯槽盖注塑模具
一种多滑块排位热嘴结构注塑模具,0.7164163,一种矿灯槽盖注塑模具
一种汽车零件注塑方法以及注塑模具,0.87026477,一种矿灯槽盖注塑模具
无废料针筒注塑模,0.87454826,一种矿灯槽盖注塑模具
一种锁芯模具,0.6932933,一种矿灯槽盖注塑模具
一种注胶成型模具,0.5756794,一种矿灯槽盖注塑模具
电梯广告传媒系统,0.76772547,一种游船广播系统
一种广告传媒用灯具,0.8523173,一种游船广播系统
一种用于高速公路的旋转式文化传播装置,0.8903259,一种游船广播系统
一种无线音频系统,0.8900406,一种游船广播系统
一种无线投屏方法、装置及系统,0.8883909,一种游船广播系统
媒体流传输方法及装置,0.8846122,一种游船广播系统
一种通信方法及装置,0.88278854,一种游船广播系统
一种旋转装置,0.8782521,一种游船广播系统
一种船闸快速输水与防碰撞系统,0.8625909,一种游船广播系统
一种船舶航运用尾气处理装置,0.8625147,一种游船广播系统
一种播放方法及装置,0.8606135,一种游船广播系统
一种具有预警功能的投影式文化传播系统,0.8536037,一种游船广播系统
一种基于LED像素棒转动显示的自行车车载广告系统,0.85161877,一种游船广播系统
一种通用型车载广告投放装置,0.7746212,一种游船广播系统
一种广播方法和移动终端,0.75531274,一种游船广播系统
一种波浪能发电用漂浮装置,0.84393215,一种游船广播系统
用于飞行器的推进系统,0.84213746,一种游船广播系统
一种连接装置,0.8408351,一种游船广播系统
一种光传输系统,0.8146279,一种游船广播系统
一种语音播放方法和装置,0.808601,一种游船广播系统
一种用于飞机的语音警告系统及其实现方法,0.802372,一种游船广播系统
一种浮式海洋能发电系统,0.787736,一种游船广播系统
一种网络游戏数据传输方法及系统,0.7802631,一种游船广播系统
一种船舶停泊用缆绳装置,0.7780111,一种游船广播系统
一种波浪发电装置,0.8487818,一种游船广播系统
一种重型卡车用轴承轧制设备,0.81646425,一种滑扭重力发电机组
一种高速重载作动器的供油系统,0.84654975,一种滑扭重力发电机组
一种降噪性能好的发电机,0.8431317,一种滑扭重力发电机组
一种扭振激励装置,0.8428853,一种滑扭重力发电机组
电动机集成型流体机械,0.84133846,一种滑扭重力发电机组
一种变幅起重机臂架,0.8387546,一种滑扭重力发电机组
一种变速装置及农业机械,0.82708776,一种滑扭重力发电机组
一种柴油发电机组集控台,0.82600224,一种滑扭重力发电机组
一种变速传动机构及轮式驱动机械,0.82029897,一种滑扭重力发电机组
一种智能发动机润滑机构,0.8134068,一种滑扭重力发电机组
一种大型风力发电机的交叠式清污设备,0.8123651,一种滑扭重力发电机组
一种转动轴承组件,0.8110854,一种滑扭重力发电机组
一种大位移井轴承式降摩减扭工具,0.8083173,一种滑扭重力发电机组
流动水体牵引固定漂浮水动能发电机,0.7993644,一种滑扭重力发电机组
一种耐久型风力发电机的制备方法,0.7931516,一种滑扭重力发电机组
一种枝桠材重组木压机进料装置,0.7887292,一种滑扭重力发电机组
大扭矩低转速节能电机,0.787048,一种滑扭重力发电机组
电机,0.7726733,一种滑扭重力发电机组
一种减速带发电装置,0.7721165,一种滑扭重力发电机组
低风速自启动垂直轴升阻复合型风力发电机风轮结构,0.7681672,一种滑扭重力发电机组
风力发电机组传动机构、传动方法及风力发电机组,0.7668032,一种滑扭重力发电机组
旋转电机,0.7560367,一种滑扭重力发电机组
一种高速重载作动器,0.7066027,一种滑扭重力发电机组
风力发电机组变桨驱动机构、变桨方法及风力发电机组,0.6979748,一种滑扭重力发电机组
一种扁线电机绕组扭转设备,0.644791,一种滑扭重力发电机组
一种风力发电机组及齿轮箱,0.6344432,一种滑扭重力发电机组
一种风电机组的变桨电机驱动力矩校核方法及装置,0.8463726,一种滑扭重力发电机组
旋转发电机,0.60049707,一种滑扭重力发电机组
一种发电机组,0.5356132,一种滑扭重力发电机组
储物装置、天线扫描控制方法及冰柜系统,0.8067307,冷藏库和冷藏库系统
用于冷却液体产品的在线低温方法和系统,0.7542944,冷藏库和冷藏库系统
用于机动车的制热/制冷系统,0.7548861,冷藏库和冷藏库系统
热泵系统和热泵系统控制方法,0.7550756,冷藏库和冷藏库系统
用于管理存储装置的系统和方法,0.7557898,冷藏库和冷藏库系统
保鲜设备监测装置,0.7559609,冷藏库和冷藏库系统
一种计算机水冷循环系统及方法,0.75616294,冷藏库和冷藏库系统
一种自动控制多级冷却有机溶剂回收系统,0.75822014,冷藏库和冷藏库系统
热处理温控柜指示系统,0.7694117,冷藏库和冷藏库系统
一种冷凝机组,0.77062535,冷藏库和冷藏库系统
一种哈蒙式间接空冷防寒防冻系统,0.77129924,冷藏库和冷藏库系统
储罐阀,0.7786048,冷藏库和冷藏库系统
冷柜,0.5626628,冷藏库和冷藏库系统
一种用于内燃机的冷却系统,0.6613629,冷藏库和冷藏库系统
冷却系统和机动车,0.63756603,冷藏库和冷藏库系统
一种物品管理系统,0.8029272,冷藏库和冷藏库系统
施工设备中的冷却系统的布置结构,0.68587685,冷藏库和冷藏库系统
一种冷冻药箱,0.7992479,冷藏库和冷藏库系统
包括氨存储控制系统的排气处理系统,0.7973708,冷藏库和冷藏库系统
具有杀菌功能的营养液冷藏装置,0.77994496,冷藏库和冷藏库系统
冷却装置,0.66509444,冷藏库和冷藏库系统
一种磁制冷系统,0.67493075,冷藏库和冷藏库系统
压缩机、热泵系统,0.70648,冷藏库和冷藏库系统
一种冷柜或展示柜,0.7162589,冷藏库和冷藏库系统
用于制冷厨房隔间的系统和方法,0.72450316,冷藏库和冷藏库系统
摄像机系统及冰箱,0.7280458,冷藏库和冷藏库系统
包括存储器设备的存储器系统,0.7516761,冷藏库和冷藏库系统
油田废弃物稠油油泥化学热洗流程设备,0.744297,回收砂冷却系统及回收砂冷却方法
一种锻压件加工用余热回收装置,0.6521072,回收砂冷却系统及回收砂冷却方法
一种高温熔盐清洗回收系统,0.6723193,回收砂冷却系统及回收砂冷却方法
一种多介质流的压缩空气余热专用回收设备,0.71359736,回收砂冷却系统及回收砂冷却方法
一种矿热炉烟气余热回收利用装置及其余热回收方法,0.7208494,回收砂冷却系统及回收砂冷却方法
一种炼铁高炉冲渣水乏汽回收系统,0.73007923,回收砂冷却系统及回收砂冷却方法
一种硅废料回收系统的后处理装置,0.6396362,回收砂冷却系统及回收砂冷却方法
一种粮油压榨过程中的余热回收设备,0.7507242,回收砂冷却系统及回收砂冷却方法
热回收结构,0.5913488,回收砂冷却系统及回收砂冷却方法
直接空冷机组热回收和水处理装置及热回收和水处理方法,0.5595146,回收砂冷却系统及回收砂冷却方法
水冷热回收机组,0.535424,回收砂冷却系统及回收砂冷却方法
一种基于生物科技的冷凝水热能回收装置,0.6428959,回收砂冷却系统及回收砂冷却方法
一种无机粘结剂废砂粉碎过滤再生装置,0.79100424,回收砂冷却系统及回收砂冷却方法
一种废弃物分类回收处理设备,0.7866912,回收砂冷却系统及回收砂冷却方法
一种高炉水渣过滤池余热制冷利用设备,0.781435,回收砂冷却系统及回收砂冷却方法
旋转床热解装置及采用其进行油泥热解的方法,0.7791901,回收砂冷却系统及回收砂冷却方法
一种废水处理回收系统中的杂物清理装置,0.7756755,回收砂冷却系统及回收砂冷却方法
冷却水应急补水系统及冷却水应急补水方法,0.77277184,回收砂冷却系统及回收砂冷却方法
并联式液压制动能量回收系统,0.771806,回收砂冷却系统及回收砂冷却方法
一种溶剂脱蜡脱油装置的节能回收系统,0.7717826,回收砂冷却系统及回收砂冷却方法
一种智能全密闭湿法熄焦及综合回收利用设备,0.77099735,回收砂冷却系统及回收砂冷却方法
一种多组分开回收的冷凝法汽油回收装置,0.60982335,回收砂冷却系统及回收砂冷却方法
一种取消压缩机组的光气回收系统,0.7660644,回收砂冷却系统及回收砂冷却方法
一种钕铁硼废料闪速控氧焙烧综合回收的方法,0.7544681,回收砂冷却系统及回收砂冷却方法
一种回收剩余污泥的方法,0.7539203,回收砂冷却系统及回收砂冷却方法
超声波清理、循环冷却装置,0.77086335,回收砂冷却系统及回收砂冷却方法
一种高炉水渣系统过滤池热能回收系统,0.66619176,回收砂冷却系统及回收砂冷却方法
无线通信方法和无线通信设备,0.48138502,通信系统及通信系统的通信方法
在无线通信系统中的发送信号的方法及其装置,0.42896348,通信系统及通信系统的通信方法
通信装置、通信方法和电子装置,0.44051796,通信系统及通信系统的通信方法
一种自组网应急通信系统及其通信方法,0.4394504,通信系统及通信系统的通信方法
TDMA通信装置、TDMA通信方法,0.5224419,通信系统及通信系统的通信方法
传输控制方法,0.5129203,通信系统及通信系统的通信方法
一种调整频域资源和发送指示信息的方法、装置及系统,0.5035528,通信系统及通信系统的通信方法
一种通讯连接建立方法及设备,0.5014927,通信系统及通信系统的通信方法
一种电力无线通信系统中的快速信道切换方法,0.49658066,通信系统及通信系统的通信方法
一种数据传输的方法、设备及系统,0.48871955,通信系统及通信系统的通信方法
一种短距通信的方法、装置和系统,0.48338544,通信系统及通信系统的通信方法
一种数据通信装置及方法,0.4468773,通信系统及通信系统的通信方法
多连接通信的指示方法和执行方法、及对应装置和系统,0.47912398,通信系统及通信系统的通信方法
一种传输控制方法、相关设备和系统,0.45328343,通信系统及通信系统的通信方法
一种控照型光信号并行通信系统及通信方法,0.44968143,通信系统及通信系统的通信方法
无线通信系统中的装置和方法,0.44204527,通信系统及通信系统的通信方法
一种模内攻牙机的丝锥保护装置,0.87864757,安全壳钢衬里分片高空焊接工装仪
膜厚度测量方法及膜厚度测量装置,0.8403649,安全壳钢衬里分片高空焊接工装仪
一种半挂车井字梁焊接工装及其焊接工艺,0.82094675,安全壳钢衬里分片高空焊接工装仪
一种自动接膜装置,0.8287233,安全壳钢衬里分片高空焊接工装仪
一种包带连接解锁装置夹块润滑膜涂覆工装,0.8294853,安全壳钢衬里分片高空焊接工装仪
层叠铁芯的制造方法和模具装置,0.8781714,安全壳钢衬里分片高空焊接工装仪
箱型梁自动焊接装置及使用方法,0.80386204,安全壳钢衬里分片高空焊接工装仪
一种多功能高空钢丝移动装置,0.79949725,安全壳钢衬里分片高空焊接工装仪
海运支架连接件焊接装置,0.7904631,安全壳钢衬里分片高空焊接工装仪
一种钢结构支架焊接辅助装置及其使用方法,0.78572273,安全壳钢衬里分片高空焊接工装仪
便携式内隔板焊接机及其应用方法,0.7769902,安全壳钢衬里分片高空焊接工装仪
磨盘焊接装置,0.77480483,安全壳钢衬里分片高空焊接工装仪
汽车管体焊接工装,0.7557619,安全壳钢衬里分片高空焊接工装仪
一种边框与钎料的焊接装置,0.75079423,安全壳钢衬里分片高空焊接工装仪
一种适用于管桩端板安装的自动安装装置,0.8069252,安全壳钢衬里分片高空焊接工装仪
一种用于真空规管与集热管玻璃外管连接的装置及方法,0.8192696,安全壳钢衬里分片高空焊接工装仪
一种承载基体的支架及其安装工艺,0.8415927,安全壳钢衬里分片高空焊接工装仪
一种复合式螺纹自锁钢筋连接套筒及安装工具,0.8488816,安全壳钢衬里分片高空焊接工装仪
焊条筒的保温装置,0.87549794,安全壳钢衬里分片高空焊接工装仪
一种管道内壁自动探伤、碳刨与焊接机器人,0.87160796,安全壳钢衬里分片高空焊接工装仪
装配式钢筋焊接网及其制备方法,0.8671951,安全壳钢衬里分片高空焊接工装仪
一种焊接用工作服,0.86541885,安全壳钢衬里分片高空焊接工装仪
一种异种金属材料管道焊接装置,0.8562674,安全壳钢衬里分片高空焊接工装仪
装饰膜及电子设备盖板,0.85162246,安全壳钢衬里分片高空焊接工装仪
弹簧和块检测和装盖板机构,0.85019755,安全壳钢衬里分片高空焊接工装仪
辐照薄壁铝管切分装置及切分方法,0.8437873,安全壳钢衬里分片高空焊接工装仪
一种控制电机的方法及装置,0.6903888,充电方法、充电设备和充电控制设备
一种计算机供电控制方法及装置,0.71187305,充电方法、充电设备和充电控制设备
用于控制电力系统的方法以及电力系统,0.72135794,充电方法、充电设备和充电控制设备
机动车能量存储装置充电过程的控制方法、控制装置、充电管理装置、服务器装置和机动车,0.7228291,充电方法、充电设备和充电控制设备
一种电控箱及其温控方法、装置,0.7228629,充电方法、充电设备和充电控制设备
一种设备状态控制方法及装置,0.7240929,充电方法、充电设备和充电控制设备
电子设备和电子设备的跌落控制方法,0.72671044,充电方法、充电设备和充电控制设备
家电设备、家电设备的控制方法及存储介质,0.6924869,充电方法、充电设备和充电控制设备
一种集中式分时充电方法及系统,0.6761474,充电方法、充电设备和充电控制设备
一种按键及其制备方法、制备模具、电子设备,0.7286777,充电方法、充电设备和充电控制设备
一种OBD设备供电的智能切换方法及供电电路,0.7105596,充电方法、充电设备和充电控制设备
一种USB音频类设备及其控制方法、装置,0.67489934,充电方法、充电设备和充电控制设备
网络设备控制方法及网络设备,0.6205905,充电方法、充电设备和充电控制设备
家用电器及其运行方法和智能控制方法,0.7034147,充电方法、充电设备和充电控制设备
电动机的驱动控制装置和控制方法,0.70555353,充电方法、充电设备和充电控制设备
通信方法和设备,0.70670944,充电方法、充电设备和充电控制设备
充电率推定方法及车载的电池系统,0.709598,充电方法、充电设备和充电控制设备
电阻器的制造方法、电阻器及相应的制造设备,0.70981604,充电方法、充电设备和充电控制设备
控制系统及控制方法,0.66714394,充电方法、充电设备和充电控制设备
一种充放电设备匹配方法和装置,0.4838117,充电方法、充电设备和充电控制设备
控制装置和控制方法,0.5725496,充电方法、充电设备和充电控制设备
用于监测直流电源的方法和设备,0.63510126,充电方法、充电设备和充电控制设备
用于电池充电状态计算的方法和系统,0.6453898,充电方法、充电设备和充电控制设备
具有操作器件的充电插接连接器,0.6447459,充电方法、充电设备和充电控制设备
摄像设备及其控制方法和发光控制设备,0.62669367,充电方法、充电设备和充电控制设备
基板处理方法、基板处理装置及基板处理系统,0.823383,纸币处理装置、纸币处理方法
信息处理方法、信息处理设备以及介质,0.822634,纸币处理装置、纸币处理方法
图像处理方法、装置、终端及存储介质,0.8253709,纸币处理装置、纸币处理方法
一种图像处理方法、电子设备及存储介质,0.81415355,纸币处理装置、纸币处理方法
一种用于垃圾焚烧烟气处理装置,0.8123141,纸币处理装置、纸币处理方法
一种信息处理方法、装置、电子设备及计算机存储介质,0.8112332,纸币处理装置、纸币处理方法
一种新型工业废气检测装置及其制作方法,0.80269074,纸币处理装置、纸币处理方法
用于处理炉气的工艺和装置,0.80134875,纸币处理装置、纸币处理方法
一种视频处理方法和装置,0.8261128,纸币处理装置、纸币处理方法
图像处理装置和存储介质,0.8255173,纸币处理装置、纸币处理方法
存储装置及其操作方法,0.81829864,纸币处理装置、纸币处理方法
基板处理方法、记录介质和基板处理装置,0.7855864,纸币处理装置、纸币处理方法
一种图像处理的方法、装置及计算机存储介质,0.79868644,纸币处理装置、纸币处理方法
基板处理方法以及基板处理装置,0.74755865,纸币处理装置、纸币处理方法
一种废水处理装置,0.7484,纸币处理装置、纸币处理方法
基于安全线的纸张鉴伪方法、装置、设备及可读存储介质,0.7887524,纸币处理装置、纸币处理方法
一种河道垃圾收集装置及其方法,0.7916164,纸币处理装置、纸币处理方法
一种机械撕片装置及烟叶预处理工艺,0.7976431,纸币处理装置、纸币处理方法
用于处理信息的方法和装置,0.7438731,纸币处理装置、纸币处理方法
图像处理方法和装置、存储介质、电子设备,0.733021,纸币处理装置、纸币处理方法
一种废气处理装置,0.71676576,纸币处理装置、纸币处理方法
信息处理装置和信息处理方法,0.7163792,纸币处理装置、纸币处理方法
衣物处理装置及其控制方法,0.7066077,纸币处理装置、纸币处理方法
消息处理方法及装置,0.69843596,纸币处理装置、纸币处理方法
涂布处理方法、涂布处理装置以及存储介质,0.6709598,纸币处理装置、纸币处理方法
一种数据处理方法及装置,0.790056,纸币处理装置、纸币处理方法
废水处理方法和废水处理装置,0.66125226,纸币处理装置、纸币处理方法
气体分离用组件和气体分离方法,0.722206,用于液晶介质的化合物及其用于高频组件的用途
一种用于聚驱产出液中聚合物的分离与提纯设备,0.723899,用于液晶介质的化合物及其用于高频组件的用途
一种在金属表面制备金属间化合物涂层的工艺方法,0.7309691,用于液晶介质的化合物及其用于高频组件的用途
一种可降解的自支撑薄膜晶体管器件及其制备方法,0.731104,用于液晶介质的化合物及其用于高频组件的用途
一种液-液萃取分离装置及分离方法,0.74780685,用于液晶介质的化合物及其用于高频组件的用途
在高温下使用的固态电解质电容器,0.75293267,用于液晶介质的化合物及其用于高频组件的用途
一种氮掺杂洋葱碳的制备及作为钾离子电容器负极材料的应用,0.7543833,用于液晶介质的化合物及其用于高频组件的用途
一种板钛矿相二氧化钛介晶的制备方法及其在锂电池中的应用,0.7585903,用于液晶介质的化合物及其用于高频组件的用途
一种承载金属颗粒的高分子固化剂及其应用,0.7591483,用于液晶介质的化合物及其用于高频组件的用途
聚硅氧烷离子液体及其制备方法,0.759251,用于液晶介质的化合物及其用于高频组件的用途
一种溶剂萃取产品的设备和方法,0.7618609,用于液晶介质的化合物及其用于高频组件的用途
提高表面火焰处理效果的聚丙烯组合物及其制备方法,0.7649215,用于液晶介质的化合物及其用于高频组件的用途
利用养分晶体熔融渗透制备炭基肥颗粒的装置及工艺,0.7660113,用于液晶介质的化合物及其用于高频组件的用途
一种多孔金属材料组成的隔振装置,0.7674891,用于液晶介质的化合物及其用于高频组件的用途
一种高性能薄膜电极材料及其制备方法和应用,0.7234311,用于液晶介质的化合物及其用于高频组件的用途
负载铂纳米粒子的介孔氧化锆纳米管复合材料及其制备方法与在持续处理有机废气中的应用,0.75370795,用于液晶介质的化合物及其用于高频组件的用途
介孔氮化碳的制备方法及其产品和应用,0.6265454,用于液晶介质的化合物及其用于高频组件的用途
一种聚离子液体/玉米醇溶蛋白复合碳材料的制备及应用,0.7189367,用于液晶介质的化合物及其用于高频组件的用途
高介电性薄膜、其用途和制造方法,0.55289555,用于液晶介质的化合物及其用于高频组件的用途
一种溶液法制备氧化物薄膜晶体管的方法,0.6664614,用于液晶介质的化合物及其用于高频组件的用途
一种可陶瓷化电磁屏蔽高分子复合材料及应用,0.6727246,用于液晶介质的化合物及其用于高频组件的用途
一种低温制备金属氧化物薄膜晶体管的方法,0.68654656,用于液晶介质的化合物及其用于高频组件的用途
一种用于电子产品的高散热材料及其制备方法,0.7008071,用于液晶介质的化合物及其用于高频组件的用途
电子组件和用于制造电子组件的方法,0.70632637,用于液晶介质的化合物及其用于高频组件的用途
薄膜晶体管及其制造方法、具有其的显示面板和显示设备,0.71377784,用于液晶介质的化合物及其用于高频组件的用途
玻璃熔体组件,0.71642244,用于液晶介质的化合物及其用于高频组件的用途
用于化学和/或电解表面处理的分配系统,0.717655,用于液晶介质的化合物及其用于高频组件的用途
一种超声辅助液化废弃茭白纤维制备聚醚多元醇的方法,0.71526873,用于液晶介质的化合物及其用于高频组件的用途
显示基板及其制备方法、显示器件及其制备方法、显示装置,0.40448567,元件基板、检查方法及半导体装置制造方法
配备有腔体单元的半导体工程装置,0.4661034,元件基板、检查方法及半导体装置制造方法
一种新型半导体封装结构及其制造方法,0.50693774,元件基板、检查方法及半导体装置制造方法
一种基底、基板及其制作方法、电子器件,0.5088041,元件基板、检查方法及半导体装置制造方法
半导体装置,0.51194423,元件基板、检查方法及半导体装置制造方法
显示基板及其制造方法、显示装置,0.4849,元件基板、检查方法及半导体装置制造方法
制作多个封装半导体器件的方法,0.48465168,元件基板、检查方法及半导体装置制造方法
半导体结构的制造方法,0.48369932,元件基板、检查方法及半导体装置制造方法
功率模块、功率半导体装置及功率模块制造方法,0.47526252,元件基板、检查方法及半导体装置制造方法
切断装置、半导体封装体的粘贴方法及电子零件的制法,0.488917,元件基板、检查方法及半导体装置制造方法
半导体结构及其制作方法,0.4285147,元件基板、检查方法及半导体装置制造方法
半导体封装及制作半导体封装的方法,0.43667427,元件基板、检查方法及半导体装置制造方法
半导体器件及形成方法,0.40069756,元件基板、检查方法及半导体装置制造方法
一种高炉熔渣渣缝的清理装置,0.7242429,用于清洁火器的管筒内侧的装置
一种用于清洗笔尖的装置,0.7255254,用于清洁火器的管筒内侧的装置
一种复合气瓶的清洗干燥方法及装置,0.72075665,用于清洁火器的管筒内侧的装置
一种智能刮管装置及方法,0.7469743,用于清洁火器的管筒内侧的装置
用于内燃机的火花塞,0.72326225,用于清洁火器的管筒内侧的装置
一种具有清洗装置的清淤船,0.7995093,用于清洁火器的管筒内侧的装置
火花塞套筒,0.7585806,用于清洁火器的管筒内侧的装置
一种带有尾气清洁装置的摩托车排气管,0.77143157,用于清洁火器的管筒内侧的装置
一种通机箱体表面清理装置,0.7511756,用于清洁火器的管筒内侧的装置
一种便于清理的灭虫装置,0.7893816,用于清洁火器的管筒内侧的装置
一种地面清理装置,0.80848294,用于清洁火器的管筒内侧的装置
一种用于工业清洁剂灌装外壳清洗设备,0.8064366,用于清洁火器的管筒内侧的装置
用于接触器的消弧室以及用于消除电弧的接触器,0.8046604,用于清洁火器的管筒内侧的装置
一种吸油烟装置自清洁方法,0.8000429,用于清洁火器的管筒内侧的装置
滤布清洗装置,0.7726853,用于清洁火器的管筒内侧的装置
卫生清洗装置,0.7161288,用于清洁火器的管筒内侧的装置
一种机械零件高效清洗装置,0.7732583,用于清洁火器的管筒内侧的装置
液体喷出装置以及喷出部的更换方法,0.78395325,用于清洁火器的管筒内侧的装置
一种焊烟处理装置,0.78424186,用于清洁火器的管筒内侧的装置
啤酒设备的锅盖清洗装置,0.70425975,用于清洁火器的管筒内侧的装置
一种圆桶清洗装置及其使用方法,0.62268287,用于清洁火器的管筒内侧的装置
一种熔炼炉炉墙清理装置,0.6164716,用于清洁火器的管筒内侧的装置
一种钢管内壁清洗装置,0.49359325,用于清洁火器的管筒内侧的装置
大管径复杂管路清洗方法,0.75150526,用于清洁火器的管筒内侧的装置
一种清洗刷在消化内镜管道清洗中的方法,0.70617753,用于清洁火器的管筒内侧的装置
一种压力阀用调压设备,0.74410105,一体式阀杆润滑筒
一种具有自冷却润滑结构的铣磨一体式刀具,0.6924747,一体式阀杆润滑筒
一种油箱自动排气阀性能检测试验台,0.7018281,一体式阀杆润滑筒
一种燃油气控切断阀,0.7097727,一体式阀杆润滑筒
一种过载补油阀,0.73298955,一体式阀杆润滑筒
一种装载机泵送阀体及其铸造方法,0.73502433,一体式阀杆润滑筒
双组份胶的点胶清洗一体阀及其使用方法,0.76502734,一体式阀杆润滑筒
阀、气体控制装置,0.7519179,一体式阀杆润滑筒
一种液压换向阀,0.75630224,一体式阀杆润滑筒
滑动式换向阀以及冷冻循环系统,0.7923109,一体式阀杆润滑筒
一种多功能润滑油过滤装置,0.77036685,一体式阀杆润滑筒
一种转臂式封修一体机,0.7751107,一体式阀杆润滑筒
一种干润滑剂防堵塞喷头,0.7783872,一体式阀杆润滑筒
一种阀体机械加工方法,0.6845613,一体式阀杆润滑筒
一种采用封闭链结构形式多杆喷涂作业专用机构,0.82510537,一体式阀杆润滑筒
一种开启式齿轮润滑剂及其制备方法,0.8200575,一体式阀杆润滑筒
一种油缸缸筒加工用调节式打磨装置,0.8245732,一体式阀杆润滑筒
一种撬装式压裂返排液处理系统,0.8250827,一体式阀杆润滑筒
一种液压制动阀以及液压制动系统,0.79322517,一体式阀杆润滑筒
一种方向控制阀的铸造工艺,0.7935554,一体式阀杆润滑筒
节流阀及泄压系统,0.803696,一体式阀杆润滑筒
一种水烟筒用排气控制阀,0.80585617,一体式阀杆润滑筒
一种闭式变量柱塞泵控制阀,0.80765426,一体式阀杆润滑筒
一种浸油机,0.80862147,一体式阀杆润滑筒
阀装置,0.8105428,一体式阀杆润滑筒
一种双向密封闸阀,0.8137925,一体式阀杆润滑筒
一种二通插装式液控单向阀,0.817164,一体式阀杆润滑筒
一种环保设备用润滑油及其制备方法,0.78692245,一体式阀杆润滑筒
一种采油管柱及采油系统,0.7902123,一体式阀杆润滑筒
蓄电装置,0.67276263,具有电磁屏蔽件的放电装置
一种导光管卡装电磁屏蔽装置,0.4916283,具有电磁屏蔽件的放电装置
电极、其制造方法及包含其的装置,0.70502186,具有电磁屏蔽件的放电装置
封装结构、电子装置及封装方法,0.74557006,具有电磁屏蔽件的放电装置
具有与下部布线层的屏蔽线电耦合的上部布线层的屏蔽线的组合件,0.743289,具有电磁屏蔽件的放电装置
一种无源吸收装置,0.7405926,具有电磁屏蔽件的放电装置
一种驱动电路及显示装置,0.73938507,具有电磁屏蔽件的放电装置
带有使用金属层和通孔的电磁干扰屏蔽的半导体封装,0.73200303,具有电磁屏蔽件的放电装置
用于控制耗电器的电路装置,0.7315456,具有电磁屏蔽件的放电装置
一种用于磁吸式的液晶电视壁挂装置,0.7242279,具有电磁屏蔽件的放电装置
收叠式电子信息装置,0.7107608,具有电磁屏蔽件的放电装置
带电粒子束装置,0.57757014,具有电磁屏蔽件的放电装置
显示装置,0.70733136,具有电磁屏蔽件的放电装置
反应装置,0.6855204,具有电磁屏蔽件的放电装置
发光器件及显示装置,0.63223517,具有电磁屏蔽件的放电装置
显示屏及显示装置,0.6837987,具有电磁屏蔽件的放电装置
一种屏蔽电缆,0.59652156,具有电磁屏蔽件的放电装置
放大装置,0.59833354,具有电磁屏蔽件的放电装置
电阻器组件制造装置,0.61323375,具有电磁屏蔽件的放电装置
一种高强度电磁式物体劈开装置,0.6266335,具有电磁屏蔽件的放电装置
静电放电保护元件,0.579923,具有电磁屏蔽件的放电装置
触屏电子装置的控制方法及触屏电子装置,0.64763683,具有电磁屏蔽件的放电装置
一种抗电气化铁路牵引回流干扰的信号隔离装置,0.6752779,具有电磁屏蔽件的放电装置
电致发光器件及其制作方法、显示装置,0.6815861,具有电磁屏蔽件的放电装置
一种故障灯检测电路与系统,0.7045547,电液加热系统的故障检测和处理的综合方法
确定机械故障和机械故障补偿的方法、装置、设备及介质,0.70797706,电液加热系统的故障检测和处理的综合方法
电池状态检测系统和方法,0.7257385,电液加热系统的故障检测和处理的综合方法
一种压缩机故障监测方法及其监测装置,0.72611254,电液加热系统的故障检测和处理的综合方法
电力系统调度反事故模拟系统及其方法,0.727903,电液加热系统的故障检测和处理的综合方法
用于轨道车辆的冷却装置、控制方法及控制器,0.7297527,电液加热系统的故障检测和处理的综合方法
一种智能电表红外通信性能检测系统及检测方法,0.72994184,电液加热系统的故障检测和处理的综合方法
用于检测包括断路单元的电表中的故障的方法,0.70424,电液加热系统的故障检测和处理的综合方法
加热装置,0.7363155,电液加热系统的故障检测和处理的综合方法
电化学检测设备及电化学检测方法,0.6709956,电液加热系统的故障检测和处理的综合方法
电网故障的检测方法及系统,0.4785123,电液加热系统的故障检测和处理的综合方法
一种蒸发循环制冷系统的故障评价及诊断方法,0.48058856,电液加热系统的故障检测和处理的综合方法
后处理加热系统和后处理加热方法,0.5463422,电液加热系统的故障检测和处理的综合方法
一种应用于换流站阀厅的灭火系统及其灭火方法,0.5801683,电液加热系统的故障检测和处理的综合方法
一种设备故障预警方法、装置、电子设备和介质,0.5959544,电液加热系统的故障检测和处理的综合方法
电化学反应器、水处理设备和系统及水处理设备控制方法,0.6506169,电液加热系统的故障检测和处理的综合方法
井下检测系统及其方法,0.6593282,电液加热系统的故障检测和处理的综合方法
异常检测系统、半导体器件制造系统和方法,0.67544943,电液加热系统的故障检测和处理的综合方法
一种保电设备检修作业优化方法,0.6783538,电液加热系统的故障检测和处理的综合方法
一种燃料电池汽车热管理系统及其控制方法,0.6785468,电液加热系统的故障检测和处理的综合方法
一种电源状态评估方法及系统,0.68290555,电液加热系统的故障检测和处理的综合方法
一种LED器件性能退化的检测方法及检测系统,0.68760085,电液加热系统的故障检测和处理的综合方法
一种提高烧结机抽风系统稳定性的方法,0.697371,电液加热系统的故障检测和处理的综合方法
一种碱性悬浊液吸收二氧化碳和大气污染物的方法,0.88834006,从稀水溶液回收高级醇
一种用于混合溶剂分离回收的方法,0.62738156,从稀水溶液回收高级醇
用于氧化盐水溶液中的烃等的方法,0.8787307,从稀水溶液回收高级醇
一种混合吡啶生产废水的处理方法,0.8699426,从稀水溶液回收高级醇
一种从低品位钙锰矿中浸出锰精矿及浸出介质再生的方法,0.8924264,从稀水溶液回收高级醇
低级烷醇铝的制备和固化方法,0.7702775,从稀水溶液回收高级醇
一种制备低水分高纯度的烷基二磺酸的方法,0.7483064,从稀水溶液回收高级醇
一种带吸收塔适用于富气的乙烷回收方法,0.84935546,从稀水溶液回收高级醇
气固相反应制备低级烷醇铝的方法,0.78988856,从稀水溶液回收高级醇
一种油污泥洗涤液回收方法,0.8223694,从稀水溶液回收高级醇
净化提纯易溶于水的盐的方法,0.83884716,从稀水溶液回收高级醇
有机溶剂废液连续分离回收装置及其用途,0.85964006,从稀水溶液回收高级醇
碳酸二甲酯和甲醇混合物的连续分离方法,0.75334287,骨化三醇或骨化二醇的生产促进用缓冲液组合物及利用其的骨化三醇或骨化二醇的制造方法
一类阿法骨化醇类化合物及其制备方法,0.61194134,骨化三醇或骨化二醇的生产促进用缓冲液组合物及利用其的骨化三醇或骨化二醇的制造方法
一种聚醚醚酮基变压器骨架及其制备方法,0.6818193,骨化三醇或骨化二醇的生产促进用缓冲液组合物及利用其的骨化三醇或骨化二醇的制造方法
一种聚酯PTT的改性剂间苯二甲酸二丙二醇酯-5-磺酸钠的多组分催化合成方法,0.6830068,骨化三醇或骨化二醇的生产促进用缓冲液组合物及利用其的骨化三醇或骨化二醇的制造方法
一种增强骨密度的组合物及其制备方法,0.68750674,骨化三醇或骨化二醇的生产促进用缓冲液组合物及利用其的骨化三醇或骨化二醇的制造方法
一种生产乳酸和3-羟基丁酸共聚酯的基因工程菌及其构建方法和应用,0.73386604,骨化三醇或骨化二醇的生产促进用缓冲液组合物及利用其的骨化三醇或骨化二醇的制造方法
脂肪酸甲酯乙氧基化催化剂及其制备方法,0.74643666,骨化三醇或骨化二醇的生产促进用缓冲液组合物及利用其的骨化三醇或骨化二醇的制造方法
一种单质硫基磷铵缓释肥的制备方法,0.80708855,骨化三醇或骨化二醇的生产促进用缓冲液组合物及利用其的骨化三醇或骨化二醇的制造方法
负载型钌基加氢催化剂的制备及在丁烯二酸酐催化加氢反应中的应用,0.8466319,骨化三醇或骨化二醇的生产促进用缓冲液组合物及利用其的骨化三醇或骨化二醇的制造方法
一种液力缓速器出水过渡胶管乙丙胶的制备方法,0.8457694,骨化三醇或骨化二醇的生产促进用缓冲液组合物及利用其的骨化三醇或骨化二醇的制造方法
通过碳化偏二氯乙烯共聚物气体分离膜进行的气体分离和用于制备所述膜的方法,0.8455934,骨化三醇或骨化二醇的生产促进用缓冲液组合物及利用其的骨化三醇或骨化二醇的制造方法
一种复合产氢催化剂及其制备方法和应用,0.842604,骨化三醇或骨化二醇的生产促进用缓冲液组合物及利用其的骨化三醇或骨化二醇的制造方法
一种有机硅改性聚醚的制备方法,0.84015733,骨化三醇或骨化二醇的生产促进用缓冲液组合物及利用其的骨化三醇或骨化二醇的制造方法
工业丝用聚对苯二甲酸乙二醇酯的制备方法,0.82848924,骨化三醇或骨化二醇的生产促进用缓冲液组合物及利用其的骨化三醇或骨化二醇的制造方法
壬二胺的合成方法,0.8218594,骨化三醇或骨化二醇的生产促进用缓冲液组合物及利用其的骨化三醇或骨化二醇的制造方法
一种除硫-杀菌-缓蚀一体处理剂及其制备方法,0.815596,骨化三醇或骨化二醇的生产促进用缓冲液组合物及利用其的骨化三醇或骨化二醇的制造方法
由黄磷尾气制备甲酸钙的连续生产方法,0.8151996,骨化三醇或骨化二醇的生产促进用缓冲液组合物及利用其的骨化三醇或骨化二醇的制造方法
由乙二醇制备羟基乙酸的方法,0.8066083,骨化三醇或骨化二醇的生产促进用缓冲液组合物及利用其的骨化三醇或骨化二醇的制造方法
合成甲基丙烯酸甲酯的催化剂及其制备方法和应用,0.7608142,骨化三醇或骨化二醇的生产促进用缓冲液组合物及利用其的骨化三醇或骨化二醇的制造方法
一种由乙二醇制备羟基乙酸的方法,0.8052446,骨化三醇或骨化二醇的生产促进用缓冲液组合物及利用其的骨化三醇或骨化二醇的制造方法
一种新型的特异性多臂聚乙二醇衍生物及其制备方法,0.79289514,骨化三醇或骨化二醇的生产促进用缓冲液组合物及利用其的骨化三醇或骨化二醇的制造方法
一种氯化钙的制备方法,0.7903203,骨化三醇或骨化二醇的生产促进用缓冲液组合物及利用其的骨化三醇或骨化二醇的制造方法
一种用于二氧化碳还原的钌基催化剂及其制备方法和应用,0.7735821,骨化三醇或骨化二醇的生产促进用缓冲液组合物及利用其的骨化三醇或骨化二醇的制造方法
碳酸二甲酯的纯化方法,0.77168906,骨化三醇或骨化二醇的生产促进用缓冲液组合物及利用其的骨化三醇或骨化二醇的制造方法
功能基化的脂质体及其制备方法及应用,0.77078325,骨化三醇或骨化二醇的生产促进用缓冲液组合物及利用其的骨化三醇或骨化二醇的制造方法
一种电磁屏蔽装置,0.5747668,屏蔽电线
一种防线缆完全撤回的电力施工用放线装置,0.8538689,屏蔽电线
线束,0.8508247,屏蔽电线
一种静电防护电路,0.84156334,屏蔽电线
线缆连接器,0.83201355,屏蔽电线
一种电器收线结构,0.8555454,屏蔽电线
电线绞合装置及电线绞合方法,0.8600776,屏蔽电线
绝缘电线、线圈和电气/电子设备,0.8628852,屏蔽电线
"一种合成1,2-二羰基类化合物的方法",0.7175959,"用于通过N-酰基或N-胍基保护的1,4-丁二胺前体制备1,4-丁二胺的方法"
一种苯酚直接氨化制苯胺的方法,0.7472048,"用于通过N-酰基或N-胍基保护的1,4-丁二胺前体制备1,4-丁二胺的方法"
一种磺酸基双子离子液体为催化剂合成乙氧基喹啉的方法,0.7435297,"用于通过N-酰基或N-胍基保护的1,4-丁二胺前体制备1,4-丁二胺的方法"
"溴邻苯二酚1,2双加氧酶编码基因在合成2-溴粘康酸的应用",0.7347601,"用于通过N-酰基或N-胍基保护的1,4-丁二胺前体制备1,4-丁二胺的方法"
一种丙烯醛缩醛/苯胺反应制备喹啉衍生物的催化剂及其制备方法,0.7320957,"用于通过N-酰基或N-胍基保护的1,4-丁二胺前体制备1,4-丁二胺的方法"
"苦木生物碱作为吲哚胺-2,3-双加氧酶抑制剂的用途",0.7317854,"用于通过N-酰基或N-胍基保护的1,4-丁二胺前体制备1,4-丁二胺的方法"
一种聚3-己基噻吩包覆二氧化钛复合金光催化剂的制备方法,0.7247327,"用于通过N-酰基或N-胍基保护的1,4-丁二胺前体制备1,4-丁二胺的方法"
"通过偏三甲苯氧化制备2,3,5-三甲基氢醌中间体2,3,5-三甲基苯醌的方法",0.7362087,"用于通过N-酰基或N-胍基保护的1,4-丁二胺前体制备1,4-丁二胺的方法"
一种高效表达制备UDP-葡萄糖-己糖-1-磷酸尿苷酰转移酶的方法,0.70670104,"用于通过N-酰基或N-胍基保护的1,4-丁二胺前体制备1,4-丁二胺的方法"
N-氰乙基-N-苄基苯胺的生产设备及方法,0.5983774,"用于通过N-酰基或N-胍基保护的1,4-丁二胺前体制备1,4-丁二胺的方法"
"1,4-二羟基蒽醌类衍生物及其制备方法和应用",0.5113089,"用于通过N-酰基或N-胍基保护的1,4-丁二胺前体制备1,4-丁二胺的方法"
2-硝基-4-甲砜基苯甲酸的制备方法,0.5162734,"用于通过N-酰基或N-胍基保护的1,4-丁二胺前体制备1,4-丁二胺的方法"
"一种氢化偶联催化剂及其制备方法及制备1,1,1,4,4,4-六氟-2-丁烯的方法",0.582848,"用于通过N-酰基或N-胍基保护的1,4-丁二胺前体制备1,4-丁二胺的方法"
一种制备1-烷基-3-烷基吡唑-5-甲酸酯的方法,0.6832045,"用于通过N-酰基或N-胍基保护的1,4-丁二胺前体制备1,4-丁二胺的方法"
一种N-乙酰基菲啶-6-酰胺及其衍生物的合成方法,0.5929807,"用于通过N-酰基或N-胍基保护的1,4-丁二胺前体制备1,4-丁二胺的方法"
一种合成N-芳基甲酰胺类化合物的方法,0.59355855,"用于通过N-酰基或N-胍基保护的1,4-丁二胺前体制备1,4-丁二胺的方法"
一种α-钠代甲酰基-β-甲酰胺基丙腈的提纯方法,0.59380525,"用于通过N-酰基或N-胍基保护的1,4-丁二胺前体制备1,4-丁二胺的方法"
一种N-苯基乙酰胺类化合物的合成方法,0.59621024,"用于通过N-酰基或N-胍基保护的1,4-丁二胺前体制备1,4-丁二胺的方法"
"聚合物4-(N,N′-双(4-羧基苄基)氨基)苯磺酸镧及合成方法",0.5874633,"用于通过N-酰基或N-胍基保护的1,4-丁二胺前体制备1,4-丁二胺的方法"
"一种N,N-二环己基脲的合成方法",0.6031936,"用于通过N-酰基或N-胍基保护的1,4-丁二胺前体制备1,4-丁二胺的方法"
一种巯基噻唑啉酸水解制备半胱胺盐酸的改进工艺,0.6284626,"用于通过N-酰基或N-胍基保护的1,4-丁二胺前体制备1,4-丁二胺的方法"
α-(邻氯苯胺基)次甲基-β-甲酰胺基丙腈提纯方法,0.6496833,"用于通过N-酰基或N-胍基保护的1,4-丁二胺前体制备1,4-丁二胺的方法"
"一种2,4,5-三取代咪唑化合物的制备方法",0.65244085,"用于通过N-酰基或N-胍基保护的1,4-丁二胺前体制备1,4-丁二胺的方法"
多取代2-氨基吡啶类化合物及其在制备抗肿瘤药物中的应用,0.6573713,"用于通过N-酰基或N-胍基保护的1,4-丁二胺前体制备1,4-丁二胺的方法"
一种N-乙酰-L-半胱氨酸的制备方法,0.6814337,"用于通过N-酰基或N-胍基保护的1,4-丁二胺前体制备1,4-丁二胺的方法"
一种3-氨基氮杂环丁烷的合成方法,0.61261106,"用于通过N-酰基或N-胍基保护的1,4-丁二胺前体制备1,4-丁二胺的方法"
一种涤纶织物的玫红色染色用分散剂,0.88498485,一种在织品上提供三维图案的贴花及其制作和使用方法
一种梭织织物的梭织工艺,0.87574035,一种在织品上提供三维图案的贴花及其制作和使用方法
图案化方法,0.8765118,一种在织品上提供三维图案的贴花及其制作和使用方法
一种天然植物染料及其在印染工艺中的应用,0.8772516,一种在织品上提供三维图案的贴花及其制作和使用方法
一种显示面板、显示装置及显示面板的制作方法,0.8815952,一种在织品上提供三维图案的贴花及其制作和使用方法
一种实现图像处理的方法及装置,0.88275284,一种在织品上提供三维图案的贴花及其制作和使用方法
一种复合台布及其制备方法,0.89367104,一种在织品上提供三维图案的贴花及其制作和使用方法
仿生地毯的制造方法,0.88558125,一种在织品上提供三维图案的贴花及其制作和使用方法
一种用于织造涤棉混纺面料的纱线的染色工艺,0.8889706,一种在织品上提供三维图案的贴花及其制作和使用方法
纸基生物传感器图案的制作方法,0.8927803,一种在织品上提供三维图案的贴花及其制作和使用方法
一种纸的加工设备及其使用方法,0.89431196,一种在织品上提供三维图案的贴花及其制作和使用方法
一种墙体的制作方法,0.89787614,一种在织品上提供三维图案的贴花及其制作和使用方法
一种化妆棉及其制备方法和制备系统,0.8657621,一种在织品上提供三维图案的贴花及其制作和使用方法
用于产生光学可变印刷图案的方法,0.87030935,一种在织品上提供三维图案的贴花及其制作和使用方法
在建筑施工中实现对壁纸裱糊的施工方法,0.85829806,一种在织品上提供三维图案的贴花及其制作和使用方法
一种贴标设备的上胶装置及方法,0.8602648,一种在织品上提供三维图案的贴花及其制作和使用方法
一种二维码生成方法及装置,0.8291548,一种在织品上提供三维图案的贴花及其制作和使用方法
一种用于制造三维对象的方法和设备,0.7628763,一种在织品上提供三维图案的贴花及其制作和使用方法
装饰片及其制造方法,0.81138474,一种在织品上提供三维图案的贴花及其制作和使用方法
适用于标准化生产的墙面编织装饰的建材及其制造方法,0.8234877,一种在织品上提供三维图案的贴花及其制作和使用方法
一种新型图案描绘方法,0.82691115,一种在织品上提供三维图案的贴花及其制作和使用方法
制造具有针织部件的鞋类鞋面的方法,0.82292306,一种在织品上提供三维图案的贴花及其制作和使用方法
一种三极管及其制作方法,0.8333638,一种在织品上提供三维图案的贴花及其制作和使用方法
一种仿麻布的染整工艺,0.8416109,一种在织品上提供三维图案的贴花及其制作和使用方法
光压印用固化性组合物及使用其的图案形成方法,0.8523443,一种在织品上提供三维图案的贴花及其制作和使用方法
一种显示面板及其制作方法、显示装置,0.85658604,一种在织品上提供三维图案的贴花及其制作和使用方法
一种发光牌及其制作方法,0.8571609,一种在织品上提供三维图案的贴花及其制作和使用方法
无线通信系统中发送和接收下行链路信号的方法及其装置,0.5796734,通信网络信号发送
一种电力线载波通信协调下的可见光信标系统,0.7577442,通信网络信号发送
一种信号发送、信号接收方法以及相关设备,0.6421425,通信网络信号发送
用于信号隔离传输的电路,0.65426093,通信网络信号发送
信号传输方法、相关设备及系统,0.71118027,通信网络信号发送
一种网络通信方法及设备,0.7262888,通信网络信号发送
一种控制信息发送方法、接收方法、发送设备和接收设备,0.7498484,通信网络信号发送
多波束自组织网络信道接入控制方法,0.78973216,通信网络信号发送
发送上行信息、发送与接收下行信息、系统调度方法和装置,0.76637113,通信网络信号发送
光通信系统以及方法,0.80883604,通信网络信号发送
一种无线通信方法及系统,0.8249925,通信网络信号发送
心音信号分类方法及终端设备,0.82140553,通信网络信号发送
一种太赫兹波通讯方法,0.8213592,通信网络信号发送
一种音频数据通信方法,0.8179662,通信网络信号发送
发送上行控制信息的方法和移动台,0.8134091,通信网络信号发送
专用组网通信系统及方法,0.81057906,通信网络信号发送
基于传感器控制的信标组件及控制信标组件的方法,0.8103542,通信网络信号发送
一种接收信号的处理方法及装置,0.80233955,通信网络信号发送
导航信号的恒包络复用方法、生成装置以及接收方法,0.79153156,通信网络信号发送
信息传输方法、基站和用户设备,0.7770879,通信网络信号发送
在无线通信系统中利用与标识结合的接收时间,0.7850319,通信网络信号发送
信息传输的方法和装置,0.7982129,通信网络信号发送
一种电池模组支架结构,0.6870536,具有支架的输送系统
一种放射性物运输保护系统的使用方法,0.6711503,具有支架的输送系统
一种便于安装的纺织机械用支架,0.6840046,具有支架的输送系统
一种输送流体管道的排渣装置,0.6800402,具有支架的输送系统
一种异形支承架制作方法及其支承架,0.6788041,具有支架的输送系统
一种便携式建筑施工用图纸支撑装置,0.67780566,具有支架的输送系统
一种减振支撑杆装置,0.6725993,具有支架的输送系统
用于结构完整性的穿孔火焰保持器支撑构件,0.6725455,具有支架的输送系统
一种具有固定功能的工业物流用输送板,0.67196745,具有支架的输送系统
一种客车用线束安装支架,0.63160765,具有支架的输送系统
一种支撑杆和支撑架,0.6524165,具有支架的输送系统
一种作动筒支座结构,0.6447606,具有支架的输送系统
一种封堵铝片气动输送装置,0.68964237,具有支架的输送系统
悬架臂支承构造,0.6297905,具有支架的输送系统
换挡装置的支撑结构,0.625541,具有支架的输送系统
具有缓冲结构的液压传动结构,0.614387,具有支架的输送系统
便携式电子设备支撑组件,0.61324525,具有支架的输送系统
支架固定结构及机器人,0.6001092,具有支架的输送系统
一种通讯基站用支撑架,0.56375897,具有支架的输送系统
一种测量支架,0.5018184,具有支架的输送系统
一种矿用单体液压支柱移动装置,0.6881175,具有支架的输送系统
一种输液管的检测装置,0.70215523,具有支架的输送系统
一种机柜承重抗震式稳定支架,0.69324726,具有支架的输送系统
吊床快速安装调节支架结构,0.7018396,具有支架的输送系统
一种送进液压系统,0.7064803,具有支架的输送系统
一种可移动皮带输送装置,0.70724344,具有支架的输送系统
轮毂电动机单元与支柱式悬架装置的连结构造,0.7079604,具有支架的输送系统
具有多功能安装支架的安全头盔,0.7090648,具有支架的输送系统
输送固定夹具,0.6995189,具有支架的输送系统
癌症的免疫疗法,0.84450376,用于治疗前列腺癌的组合物
用于治疗癌症的NOTCH和PI3K/MTOR抑制剂的组合疗法,0.8981435,用于治疗前列腺癌的组合物
用于治疗癌症的NOTCH和CDK4/6抑制剂的组合疗法,0.8906626,用于治疗前列腺癌的组合物
一种药物组合物的制备方法,0.8504987,用于治疗前列腺癌的组合物
药物组合物,0.8461167,用于治疗前列腺癌的组合物
用于增强超抗原介导的癌症免疫疗法效力的方法和组合物,0.8206212,用于治疗前列腺癌的组合物
癌症疗法,0.8431768,用于治疗前列腺癌的组合物
一类新型萘酚类化合物的制备及其在癌症治疗方面的应用,0.8384409,用于治疗前列腺癌的组合物
用于癌症治疗的SMC联合疗法,0.8166277,用于治疗前列腺癌的组合物
用于改善由抗癌药引起的末梢神经障碍的组合物,0.7878826,用于治疗前列腺癌的组合物
用于癌症免疫治疗的肽和肽组合物,0.7252363,用于治疗前列腺癌的组合物
用于阻止或减缓前列腺癌的进展的神经丝肽,0.674811,用于治疗前列腺癌的组合物
一种治疗脑癌的药物及其制备方法,0.74811554,用于治疗前列腺癌的组合物
转子压缩机,0.76611537,轴向间隙型旋转电机
一种径向轴承轴向电机的盘式磁悬浮开关磁阻电机,0.7651888,轴向间隙型旋转电机
轴承,0.80353934,轴向间隙型旋转电机
一种转动式镰锯,0.7989133,轴向间隙型旋转电机
一种可变高径比的垂直轴风机叶轮连杆,0.78996164,轴向间隙型旋转电机
一种异型端面补偿弹性体凸轮转子泵,0.77754414,轴向间隙型旋转电机
涡轮发动机的主动间隙控制结构,0.7674293,轴向间隙型旋转电机
一种连接转动轴,0.76583856,轴向间隙型旋转电机
一种转轴中心水冷的电机冷却结构,0.761908,轴向间隙型旋转电机
用于切割机的转向连接装置,0.80984443,轴向间隙型旋转电机
一种涡旋压缩机的不对称双涡旋齿,0.7608271,轴向间隙型旋转电机
相对旋转部的电传送装置,0.7422147,轴向间隙型旋转电机
空气轴承电主轴5自由度耦合刚性转子系统动态设计方法,0.73590666,轴向间隙型旋转电机
转子、旋转电机以及转子的制造方法,0.64593345,轴向间隙型旋转电机
转子和旋转电机,0.59348744,轴向间隙型旋转电机
一种轴类零件钻径向孔的夹具,0.80687207,轴向间隙型旋转电机
可调节轴承合套仪,0.8037614,轴向间隙型旋转电机
一种转子冲片以及具有该冲片的转子铁芯、电机,0.8144671,轴向间隙型旋转电机
一种新型电梯缓冲轴,0.8146021,轴向间隙型旋转电机
轴组件,0.820407,轴向间隙型旋转电机
永磁电机转子斜极方法,0.8230336,轴向间隙型旋转电机
齿轮式涡轮机,0.82993567,轴向间隙型旋转电机
一种大型齿轮自动倒角装置及使用方法,0.83528274,轴向间隙型旋转电机
应用于多个lora网关之间的物联网通讯方法及系统,0.7368312,用于中间联网设备的可验证的服务策略实现
一种互动可靠信息处理系统,0.7138683,用于中间联网设备的可验证的服务策略实现
一种用于监听PDCCH的方法、终端及网络设备,0.7164748,用于中间联网设备的可验证的服务策略实现
一种安全防护设备联动防御策略智能决策方法及系统,0.7418318,用于中间联网设备的可验证的服务策略实现
一种连通性检测方法、流转发设备及网络控制器,0.71997106,用于中间联网设备的可验证的服务策略实现
一种网络切换方法和终端设备,0.7253384,用于中间联网设备的可验证的服务策略实现
一种基于软件可定义的实时传输机制,0.72314954,用于中间联网设备的可验证的服务策略实现
一种被用于无线通信的用户设备、基站中的方法和装置,0.72169155,用于中间联网设备的可验证的服务策略实现
一种被用于无线通信的用户、基站中的方法和设备,0.7075009,用于中间联网设备的可验证的服务策略实现
用于对可编程医疗系统中的无线编程设备进行认证的系统和方法,0.7199263,用于中间联网设备的可验证的服务策略实现
一种基于终端交互的物品共享方法及系统,0.70803094,用于中间联网设备的可验证的服务策略实现
由用户终端实行的无线通信方法,0.65624136,用于中间联网设备的可验证的服务策略实现
用于机器类型通信的移动性管理实体、用户设备及方法,0.70694286,用于中间联网设备的可验证的服务策略实现
一种实时查询多台设备联网状态的系统和方法,0.6975428,用于中间联网设备的可验证的服务策略实现
基于互联网的在线商品监控方法、装置、设备及存储介质,0.65802115,用于中间联网设备的可验证的服务策略实现
一种基于商品数据的物联网设备能力本体自构建方法,0.74364376,用于中间联网设备的可验证的服务策略实现
用于实现通信节点的测试的方法和设备,0.6062666,用于中间联网设备的可验证的服务策略实现
一种智能设备联网的方法和智能联网设备,0.6928548,用于中间联网设备的可验证的服务策略实现
一种工作流程关键点的验证方法及装置,0.6903392,用于中间联网设备的可验证的服务策略实现
一种联网的方法及终端、物联网平台,0.68970764,用于中间联网设备的可验证的服务策略实现
一种用户识别方法、装置及服务器,0.6437399,用于中间联网设备的可验证的服务策略实现
一种车联网的服务请求方法和装置,0.679784,用于中间联网设备的可验证的服务策略实现
一种配置数据确认方法、业务监测方法及装置,0.6659317,用于中间联网设备的可验证的服务策略实现
无线通信系统中的方法和设备,0.68187743,用于中间联网设备的可验证的服务策略实现
辅助装置、辅助装置的控制方法及计算机可读取记录介质,0.4550412,通知装置、通知系统、通知装置的控制方法、控制程序以及存储有该程序的计算机可读取存储介质
车辆及其控制方法、控制装置和计算机可读存储介质,0.40781832,通知装置、通知系统、通知装置的控制方法、控制程序以及存储有该程序的计算机可读取存储介质
界面操作方法、装置、电子设备和计算机可读存储介质,0.55647624,通知装置、通知系统、通知装置的控制方法、控制程序以及存储有该程序的计算机可读取存储介质
图像检查装置以及储存有程序的计算机可读取的记录介质,0.45834634,通知装置、通知系统、通知装置的控制方法、控制程序以及存储有该程序的计算机可读取存储介质
存储装置、存储系统及所述存储装置的操作方法,0.46717274,通知装置、通知系统、通知装置的控制方法、控制程序以及存储有该程序的计算机可读取存储介质
系统风扇控制方法、系统及计算机可读存储介质,0.47851998,通知装置、通知系统、通知装置的控制方法、控制程序以及存储有该程序的计算机可读取存储介质
流量控制装置、流量控制方法和程序存储介质,0.5066588,通知装置、通知系统、通知装置的控制方法、控制程序以及存储有该程序的计算机可读取存储介质
定时任务的监控方法、计算机可读存储介质和终端设备,0.50789964,通知装置、通知系统、通知装置的控制方法、控制程序以及存储有该程序的计算机可读取存储介质
连接检测方法、装置、计算机设备以及可读存储介质,0.51564014,通知装置、通知系统、通知装置的控制方法、控制程序以及存储有该程序的计算机可读取存储介质
监控数据获取方法、装置、设备及计算机可读存储介质,0.5168548,通知装置、通知系统、通知装置的控制方法、控制程序以及存储有该程序的计算机可读取存储介质
打印控制装置、其控制方法和存储介质,0.5190107,通知装置、通知系统、通知装置的控制方法、控制程序以及存储有该程序的计算机可读取存储介质
无线电能发射装置及其控制方法、计算机可读存储介质,0.52009964,通知装置、通知系统、通知装置的控制方法、控制程序以及存储有该程序的计算机可读取存储介质
控制方法与装置、飞行时间设备、终端及计算机可读存储介质,0.5204917,通知装置、通知系统、通知装置的控制方法、控制程序以及存储有该程序的计算机可读取存储介质
应用程序测试方法、装置、电子设备及存储介质,0.56852967,通知装置、通知系统、通知装置的控制方法、控制程序以及存储有该程序的计算机可读取存储介质
一种设备自调节方法、装置、可读存储介质及车辆,0.56713206,通知装置、通知系统、通知装置的控制方法、控制程序以及存储有该程序的计算机可读取存储介质
移动终端控制方法、移动终端及计算机可读存储介质,0.56376845,通知装置、通知系统、通知装置的控制方法、控制程序以及存储有该程序的计算机可读取存储介质
进程启动方法、电子设备、系统及存储介质,0.52338755,通知装置、通知系统、通知装置的控制方法、控制程序以及存储有该程序的计算机可读取存储介质
存储器系统、存储器控制器及其操作方法,0.52419484,通知装置、通知系统、通知装置的控制方法、控制程序以及存储有该程序的计算机可读取存储介质
数据传输方法、装置、电子设备及计算机可读存储介质,0.530114,通知装置、通知系统、通知装置的控制方法、控制程序以及存储有该程序的计算机可读取存储介质
一种无线通讯方法、终端及计算机可读存储介质,0.53433913,通知装置、通知系统、通知装置的控制方法、控制程序以及存储有该程序的计算机可读取存储介质
一种温度控制方法、相关装置及可读存储介质,0.53585935,通知装置、通知系统、通知装置的控制方法、控制程序以及存储有该程序的计算机可读取存储介质
交互方法、装置和计算机可读存储介质,0.5389209,通知装置、通知系统、通知装置的控制方法、控制程序以及存储有该程序的计算机可读取存储介质
在计算设备上呈现信息的方法、装置、设备及可读介质,0.54480875,通知装置、通知系统、通知装置的控制方法、控制程序以及存储有该程序的计算机可读取存储介质
一种信息处理方法、装置、服务器及计算机可读存储介质,0.54507005,通知装置、通知系统、通知装置的控制方法、控制程序以及存储有该程序的计算机可读取存储介质
一种功能触发方法、系统、装置及计算机可读存储介质,0.42037228,通知装置、通知系统、通知装置的控制方法、控制程序以及存储有该程序的计算机可读取存储介质
图像调整方法、装置、电子设备和计算机可读存储介质,0.5484653,通知装置、通知系统、通知装置的控制方法、控制程序以及存储有该程序的计算机可读取存储介质
装饰材料,0.8869027,颜料套装
家居服套装(小熊印花),0.81157964,颜料套装
叠层涂膜及涂装物,0.8750579,颜料套装
一种具有温度响应性能的聚酰亚胺材料及其制备方法,0.6785972,热敏记录材料及其制造方法
烧结材料及使用该材料的附着方法,0.6379212,热敏记录材料及其制造方法
一种热塑性聚合物制品及其制备方法,0.63847303,热敏记录材料及其制造方法
建筑骨料及其制备方法和其应用,0.653354,热敏记录材料及其制造方法
食品用干燥剂及其制备方法,0.6695242,热敏记录材料及其制造方法
一种模拟热源芯片及其制作方法,0.6162902,热敏记录材料及其制造方法
一种溶剂热法制备炭载贵金属催化剂的方法,0.72916013,热敏记录材料及其制造方法
用于生产电极材料的方法,0.69070274,热敏记录材料及其制造方法
一种抗菌高分子材料及其制备方法与应用,0.6926081,热敏记录材料及其制造方法
一种高温合金的制备方法,0.70466757,热敏记录材料及其制造方法
熔剂的使用方法,0.709779,热敏记录材料及其制造方法
气体敏感芯片及其制备方法,0.6135972,热敏记录材料及其制造方法
电热薄膜组件及其制作方法,0.7300419,热敏记录材料及其制造方法
铁电存储器件及其制造方法,0.7282456,热敏记录材料及其制造方法
一种电刷组合物及其制备方法,0.7364504,热敏记录材料及其制造方法
电磁感应器件及其制作方法,0.72869366,热敏记录材料及其制造方法
一种基于磁性粒子的导电导热图案的制备方法,0.73681366,热敏记录材料及其制造方法
电芯主体及其制备方法、超薄电池及其制备方法,0.74839604,热敏记录材料及其制造方法
制造物件的方法和用于基于金属的增材制造的设备,0.7530846,热敏记录材料及其制造方法
一种用于高紫外线环境电缆料的制备方法及其应用,0.7533253,热敏记录材料及其制造方法
一种绝缘导热电缆料及其制备方法,0.75660354,热敏记录材料及其制造方法
MOF复合材料及其制备方法和应用,0.7322185,热敏记录材料及其制造方法
制备生物炭的方法以及实施其的系统,0.7114149,热敏记录材料及其制造方法
用于电热电池模型的生成与使用的系统及方法,0.7128485,热敏记录材料及其制造方法
凝固物的制造方法,0.7165755,热敏记录材料及其制造方法
一种减振材料及其制备方法,0.7174821,热敏记录材料及其制造方法
一种强度参数可控的岩土相似材料及其制备方法,0.72394925,热敏记录材料及其制造方法
一种投资组合的大数据可视化系统与方法,0.7427061,基于场景内容可视化点云数据的方法
一种IP资产可视化管理方法及系统,0.8327902,基于场景内容可视化点云数据的方法
一种基于点云数据的轮胎胎角性质检测方法,0.7647732,基于场景内容可视化点云数据的方法
一种云环境下高效安全的外包大数据审计方法,0.7762843,基于场景内容可视化点云数据的方法
一种基于云计算的并发数据处理方法,0.7133665,基于场景内容可视化点云数据的方法
一种基于用户心理行为的云制造知识服务优选方法,0.7946404,基于场景内容可视化点云数据的方法
一种数据在信息系统中流转分布展现的方法及系统,0.8428892,基于场景内容可视化点云数据的方法
基于生成对抗网络的智能化软件测试及云平台构建方法,0.84798735,基于场景内容可视化点云数据的方法
一种由微云系统构成的贯标支持云系统,0.8809924,基于场景内容可视化点云数据的方法
一种基于云计算分析平台的术后评估系统,0.8205941,基于场景内容可视化点云数据的方法
一种基于多目标优化的云工作流调度方法及装置,0.66881347,基于场景内容可视化点云数据的方法
一种交通驾驶汽车防追尾的便于拆卸的保护装置,0.8673426,在牵引拖车的车辆中安全超驰无意识加速保护
汽车油门意外主动安全系统,0.85384434,在牵引拖车的车辆中安全超驰无意识加速保护
车辆的超速控制装置,0.66460013,在牵引拖车的车辆中安全超驰无意识加速保护
用于超控车辆限制系统的系统和方法,0.86707795,在牵引拖车的车辆中安全超驰无意识加速保护
车辆拖挂装置的电容监测,0.8830116,在牵引拖车的车辆中安全超驰无意识加速保护
一种牵引车与半挂车连接辅助装置,0.8931768,在牵引拖车的车辆中安全超驰无意识加速保护
拖曳绞车应急释放系统,0.8061476,在牵引拖车的车辆中安全超驰无意识加速保护
用于控制内燃机的方法和系统,0.7611511,在车辆中推荐节约燃料的驾驶风格的方法、系统和设备
用于控制车辆的方法和装置,0.6712561,在车辆中推荐节约燃料的驾驶风格的方法、系统和设备
一种引导驾驶的驾驶辅助方法及其系统,0.709509,在车辆中推荐节约燃料的驾驶风格的方法、系统和设备
一种计算机系统的节能方法及计算机系统,0.7153437,在车辆中推荐节约燃料的驾驶风格的方法、系统和设备
车辆控制装置、车辆控制方法及存储介质,0.7167357,在车辆中推荐节约燃料的驾驶风格的方法、系统和设备
智能汽车的防撞控制方法、装置及存储介质,0.73339945,在车辆中推荐节约燃料的驾驶风格的方法、系统和设备
一种新型汽车风道结构,0.74131376,在车辆中推荐节约燃料的驾驶风格的方法、系统和设备
车辆及其控制方法,0.7601018,在车辆中推荐节约燃料的驾驶风格的方法、系统和设备
一种车辆驾驶辅助装置及方法,0.76666,在车辆中推荐节约燃料的驾驶风格的方法、系统和设备
一种汽车领域使用的制动系统,0.76272595,在车辆中推荐节约燃料的驾驶风格的方法、系统和设备
用于车辆定位的方法和系统,0.7860053,在车辆中推荐节约燃料的驾驶风格的方法、系统和设备
作业车辆的控制系统及作业车辆的控制方法,0.78480816,在车辆中推荐节约燃料的驾驶风格的方法、系统和设备
一种推荐方法、装置、设备和存储介质,0.783925,在车辆中推荐节约燃料的驾驶风格的方法、系统和设备
作业车辆的控制系统、控制方法及作业车辆,0.7723992,在车辆中推荐节约燃料的驾驶风格的方法、系统和设备
一种车辆启动的限制方法、装置及系统,0.72016305,在车辆中推荐节约燃料的驾驶风格的方法、系统和设备
一种车辆能量管理方法及相关设备,0.6060787,在车辆中推荐节约燃料的驾驶风格的方法、系统和设备
用于燃料电池车辆的发电系统和发电方法,0.66812325,在车辆中推荐节约燃料的驾驶风格的方法、系统和设备
用于车辆的燃料系统、包括其的车辆和供给燃料的方法,0.43471342,在车辆中推荐节约燃料的驾驶风格的方法、系统和设备
用于选择自主车辆中的驾驶模式的系统和方法,0.6142398,在车辆中推荐节约燃料的驾驶风格的方法、系统和设备
用于运行车辆的方法,0.6459291,在车辆中推荐节约燃料的驾驶风格的方法、系统和设备
一种汽车引擎用节能环保装置及其制备方法,0.5232331,在车辆中推荐节约燃料的驾驶风格的方法、系统和设备
用于车辆推进系统中的燃料控制的方法及系统,0.46089146,在车辆中推荐节约燃料的驾驶风格的方法、系统和设备
一种定位目标取脉点的方法及装置,0.85311586,针头在皮内注射装置中的定位
一种用于采血针的防滴血和防针刺保护装置,0.7756502,针头在皮内注射装置中的定位
注射装置、注塑系统及注塑工艺,0.7672444,针头在皮内注射装置中的定位
注射器,0.7614037,针头在皮内注射装置中的定位
一种采血针持针器,0.85833985,针头在皮内注射装置中的定位
针管刃面的定向机构,0.77819437,针头在皮内注射装置中的定位
显示模组及其制备方法,0.83853495,双工器模块
缓冲连接模组件的模切工艺,0.7897918,双工器模块
无线电模块在电子装置中的共存,0.81394666,双工器模块
前端模块以及通信装置,0.8157774,双工器模块
一种高压电源模块的制作方法,0.8313018,双工器模块
连接模块,0.7978101,双工器模块
一种多模式燃料喷射执行器驱动电路,0.8446993,双工器模块
具有孔径的光电模组及其制造,0.84966093,双工器模块
双向开关,0.8529202,双工器模块
模块化连续流动设备,0.79570746,双工器模块
触控模块及其触控电路,0.7947177,双工器模块
显示模块及其组装方法,0.784674,双工器模块
锁模油缸及多组油缸同步锁模装置,0.81025505,双工器模块
一种用于冲压电容器接线端子模具,0.8569879,双工器模块
一种工业互联网PLC的固定装置,0.8584247,双工器模块
声表面波滤波器、高频模块以及多工器,0.7772552,双工器模块
光模块,0.7752539,双工器模块
基于多层式电路板的功率模块,0.77500653,双工器模块
模块化断路器机构,0.75061417,双工器模块
导体模块,0.74715465,双工器模块
辅助模块以及相关联的模块化电气组件,0.74010605,双工器模块
一种箝位双子模块的模块化多电平换流器的预充电方法,0.73667425,双工器模块
模块机包装(二),0.71353954,双工器模块
双端双驱控制电路,0.65631604,双工器模块
一种新型帘式EHBR膜组件,0.7665763,树脂膜片的用途
一种电路板导电膜施镀工艺,0.76100004,树脂膜片的用途
隔热涂料与隔热多孔膜及其形成方法,0.79250777,树脂膜片的用途
聚乙烯树脂组合物,0.76024836,树脂膜片的用途
适用于果蔬的保鲜薄膜,0.75947857,树脂膜片的用途
一种用于PVC保鲜膜的塑料,0.75258404,树脂膜片的用途
抗酸碱腐蚀的工业铝箔包装袋膜,0.70348364,树脂膜片的用途
聚氨酯涂料组合物、固化涂膜及树脂构件,0.6992095,树脂膜片的用途
生物PET树脂的制造方法,0.68404007,树脂膜片的用途
透光性薄膜,0.66092485,树脂膜片的用途
封装膜,0.63010025,树脂膜片的用途
光压印树脂组合物、光压印树脂膜以及图案化制程,0.62835205,树脂膜片的用途
DIPA-Esterquat解键剂用于薄纸和绒毛浆生产的用途,0.7737504,树脂膜片的用途
脱模膜,0.77856076,树脂膜片的用途
医用包装膜,0.78944296,树脂膜片的用途
用于薄膜太阳能电池镀膜的掩膜板,0.79057753,树脂膜片的用途
包含微纤化纤维素的膜和由其制成的产品,0.8018808,树脂膜片的用途
用于LED封装胶的含氟梯形有机硅树脂,0.82773316,树脂膜片的用途
橡胶垫片多片板,0.82478595,树脂膜片的用途
一种革用颜料相容性改进干法面层聚氨酯树脂及制备方法,0.82226056,树脂膜片的用途
一种自修复聚合物复合膜的制备方法,0.81803095,树脂膜片的用途
一种一体式EHBR膜组件,0.81701773,树脂膜片的用途
聚苯乙烯系树脂组合物及其制造方法,0.8123167,树脂膜片的用途
一种用于锂离子电池隔膜的纳米纤维膜及其制备方法,0.8105338,树脂膜片的用途
应用于油膜控制的方法,0.8102056,树脂膜片的用途
包含硅酸盐的多孔聚合物膜,0.82878333,树脂膜片的用途
用于从天然气和其它烃制备碳和氢的方法,0.7092192,用于集成酸性气体去除与碳捕集的系统
一种利用臭氧作用脱除氮氧化物的处理方法,0.7355425,用于集成酸性气体去除与碳捕集的系统
一种无机盐型二氧化碳吸收剂,0.7360697,用于集成酸性气体去除与碳捕集的系统
一种制备碳氮化钨的方法,0.74651206,用于集成酸性气体去除与碳捕集的系统
一种实验用惰性气体生成器,0.7481073,用于集成酸性气体去除与碳捕集的系统
一种油污收集与分离系统,0.75675464,用于集成酸性气体去除与碳捕集的系统
用于确定颗粒过滤器的碳烟负载的方法和控制装置,0.7667705,用于集成酸性气体去除与碳捕集的系统
气体注入系统,0.77377844,用于集成酸性气体去除与碳捕集的系统
一种自动清理矿井中二氧化硫气体的装置,0.72227436,用于集成酸性气体去除与碳捕集的系统
含二氧化硫烟气的吸收系统与吸收工艺,0.70652616,用于集成酸性气体去除与碳捕集的系统
一种自清洁废酸结晶分离装置,0.70639163,用于集成酸性气体去除与碳捕集的系统
含二氧化碳和硫化氢气体的处理方法及装置,0.6673431,用于集成酸性气体去除与碳捕集的系统
一种用于二氧化碳捕集的脱盐水再利用系统,0.55984646,用于集成酸性气体去除与碳捕集的系统
一种含氯气气源的反应系统,0.58529866,用于集成酸性气体去除与碳捕集的系统
一种酸性气处理工艺及系统,0.5965162,用于集成酸性气体去除与碳捕集的系统
一种用于污水脱氮的复合碳源及其制备方法和使用方法,0.6190401,用于集成酸性气体去除与碳捕集的系统
一种活性炭集约化吸附装置,0.62626094,用于集成酸性气体去除与碳捕集的系统
一种金属氢化物制备氢气的系统,0.6487527,用于集成酸性气体去除与碳捕集的系统
一种二氧化碳捕集系统液氨区域中的安全仪表系统,0.6515285,用于集成酸性气体去除与碳捕集的系统
氮、硫共掺杂纳米碳碗的制备方法,0.7703309,用于集成酸性气体去除与碳捕集的系统
气相氧化/分解和吸收一体化装置及其应用,0.70365185,用于集成酸性气体去除与碳捕集的系统
一种从混合气中脱除CO,0.70249075,用于集成酸性气体去除与碳捕集的系统
一种过氧化氢蒸汽分解过滤装置,0.6947514,用于集成酸性气体去除与碳捕集的系统
一种生物质吸油碳气凝胶的制备方法,0.6791368,用于集成酸性气体去除与碳捕集的系统
一种多功能电子产品展示架,0.8717681,多功能拉杆箱
多功能便捷式食物容器,0.8672999,多功能拉杆箱
箱体,0.8099192,多功能拉杆箱
多功能尸体袋,0.8920597,多功能拉杆箱
伸缩杆,0.8854343,多功能拉杆箱
一种多功能智能衣柜放置架,0.81358486,多功能拉杆箱
多功能罐,0.827728,多功能拉杆箱
多功能的塑木立柱,0.83853704,多功能拉杆箱
一种多功能阅读架,0.80179286,多功能拉杆箱
一种多功能休息椅,0.87426525,多功能拉杆箱
按压式手套箱,0.84324574,多功能拉杆箱
一种便于安装的储能蓄电池,0.7252801,一种分类易取式储蓄罐
一种简易而有效的换热装置,0.8376061,一种分类易取式储蓄罐
一种静置式油水分离方法,0.8028413,一种分类易取式储蓄罐
一种相变储能式换热器,0.70016485,一种分类易取式储蓄罐
一种带记号的易拉罐,0.6893503,一种分类易取式储蓄罐
用于罐式热水器的分层器,0.6416737,一种分类易取式储蓄罐
一种用于车辆的储物装置及车辆,0.72953296,一种分类易取式储蓄罐
一种蓄能系统配置方法、装置及存储介质,0.7487497,一种分类易取式储蓄罐
一种调味品定量拿取的储藏盒,0.7782231,一种分类易取式储蓄罐
一种带储气罐的自行车,0.7836694,一种分类易取式储蓄罐
一种听诊器分类保存装置,0.8205677,一种分类易取式储蓄罐
一种新型萃取液过滤装置,0.83130884,一种分类易取式储蓄罐
一种自动存取货柜,0.8264333,一种分类易取式储蓄罐
一种油气储运中的油罐承载吊装装置,0.8030552,一种分类易取式储蓄罐
一种新型换热容器,0.8183565,一种分类易取式储蓄罐
一种用于日用百货的易拆卸柜,0.8157823,一种分类易取式储蓄罐
一种称重方法及其存储介质,0.81123096,一种分类易取式储蓄罐
一种相变蓄热装置及换热装置,0.8085094,一种分类易取式储蓄罐
一种焊接用方便劳保用品放置的储存装置,0.8056497,一种分类易取式储蓄罐
一种锂电池仓储运输用储物盒,0.8044187,一种分类易取式储蓄罐
一种数据存储方法及装置,0.80323935,一种分类易取式储蓄罐
一种复合剪力墙及其施工方法,0.8031412,建筑物内外壁及地面的石材板材施工方法
墙上基站及其实施方法,0.7776334,建筑物内外壁及地面的石材板材施工方法
一种用于路面基层的补强材料及其制备方法,0.81120527,建筑物内外壁及地面的石材板材施工方法
建筑保温砌块,0.81343305,建筑物内外壁及地面的石材板材施工方法
墙面板集成安装总成以及墙面装饰方法,0.81639886,建筑物内外壁及地面的石材板材施工方法
墙面装饰挂板安装系统,0.8179128,建筑物内外壁及地面的石材板材施工方法
一种复杂地层大断面顶管施工方法,0.8188927,建筑物内外壁及地面的石材板材施工方法
一种硅锰渣棉板装配式一体化内墙及其制备方法,0.8242517,建筑物内外壁及地面的石材板材施工方法
一种土建筑加固墙体及其加固方法,0.80283767,建筑物内外壁及地面的石材板材施工方法
一种外墙保温柔性饰面装饰一体板,0.7952588,建筑物内外壁及地面的石材板材施工方法
预制混凝土墙板的高效安装方法及其装置,0.7896641,建筑物内外壁及地面的石材板材施工方法
一种免龙骨外墙装饰板安装构件及其安装方法,0.77720636,建筑物内外壁及地面的石材板材施工方法
一种结构稳固的隔热防渗坡屋面及其建造方法,0.7693984,建筑物内外壁及地面的石材板材施工方法
一种用于装配式木结构建筑的保温防火墙板及制备方法,0.760816,建筑物内外壁及地面的石材板材施工方法
墙面板安装总成及安装方法,0.74344677,建筑物内外壁及地面的石材板材施工方法
一种室外装饰板,0.730438,建筑物内外壁及地面的石材板材施工方法
表面装饰的亚克力板及其表面装饰方法,0.71420836,建筑物内外壁及地面的石材板材施工方法
一种用于木质装饰板上的墙板连接型材及墙板安装结构,0.7069853,建筑物内外壁及地面的石材板材施工方法
一种建筑室内的艺术装饰墙板,0.6924118,建筑物内外壁及地面的石材板材施工方法
施工地板及其铺设方法,0.67980194,建筑物内外壁及地面的石材板材施工方法
一种以玻璃骨料作为装饰层的艺术地面结构与施工工艺,0.6684576,建筑物内外壁及地面的石材板材施工方法
一种石膏墙的施工工法,0.61453426,建筑物内外壁及地面的石材板材施工方法
一种建筑物外墙的复合墙体及其施工方法,0.5953778,建筑物内外壁及地面的石材板材施工方法
一种石材砌筑的外饰面系统,0.56518173,建筑物内外壁及地面的石材板材施工方法
磁吸式石膏板隔墙结构,0.82601917,建筑物内外壁及地面的石材板材施工方法
在人工填石层中成孔的施工方法,0.8041624,建筑物内外壁及地面的石材板材施工方法
一种汽车用橡胶减震器,0.8188668,改性天然橡胶、其生产方法和使用其的橡胶组合物以及轮胎
一种高性能轮胎胎面橡胶工程材料与制备方法,0.49386403,改性天然橡胶、其生产方法和使用其的橡胶组合物以及轮胎
改性共轭二烯系橡胶组合物和轮胎,0.51282,改性天然橡胶、其生产方法和使用其的橡胶组合物以及轮胎
用于鞋底的橡胶组合物和硫化橡胶及其制备方法和应用,0.5538879,改性天然橡胶、其生产方法和使用其的橡胶组合物以及轮胎
硫可交联橡胶混合物以及车辆轮胎,0.5950559,改性天然橡胶、其生产方法和使用其的橡胶组合物以及轮胎
用于干燥天然橡胶的方法,0.6036241,改性天然橡胶、其生产方法和使用其的橡胶组合物以及轮胎
应用于制备清洗胶管的组合物、制备方法及清洗胶管,0.8204536,改性天然橡胶、其生产方法和使用其的橡胶组合物以及轮胎
一种抗老化变压器密封垫及其制备方法,0.82560664,改性天然橡胶、其生产方法和使用其的橡胶组合物以及轮胎
一种橡胶填料硅微粉的生产方法,0.82375115,改性天然橡胶、其生产方法和使用其的橡胶组合物以及轮胎
一种高耐压变的磁性橡胶密封件复合材料及其制备方法,0.67584157,改性天然橡胶、其生产方法和使用其的橡胶组合物以及轮胎
一种橡胶粉改性沥青的预混装置,0.6768175,改性天然橡胶、其生产方法和使用其的橡胶组合物以及轮胎
石墨烯增强橡胶及其制备方法,0.6895571,改性天然橡胶、其生产方法和使用其的橡胶组合物以及轮胎
一种耐油性能好的复合橡胶及其制备方法,0.69658476,改性天然橡胶、其生产方法和使用其的橡胶组合物以及轮胎
一种雪天防滑轮胎的制备工艺,0.70649874,改性天然橡胶、其生产方法和使用其的橡胶组合物以及轮胎
一种室温硫化硅橡胶交联剂制备方法及其应用,0.7258395,改性天然橡胶、其生产方法和使用其的橡胶组合物以及轮胎
一种阻燃型遇水膨胀橡胶材料及其制备方法,0.7512182,改性天然橡胶、其生产方法和使用其的橡胶组合物以及轮胎
一种高导热氮化硼/天然橡胶复合材料及其制备方法,0.76529473,改性天然橡胶、其生产方法和使用其的橡胶组合物以及轮胎
一种用于汽车的石墨烯改性轻质塑料及制备方法,0.76968414,改性天然橡胶、其生产方法和使用其的橡胶组合物以及轮胎
一种高阻燃密封条用三元乙丙海绵橡胶及其制备方法,0.78013396,改性天然橡胶、其生产方法和使用其的橡胶组合物以及轮胎
一种通过酯交换制备的不饱和酯改性的天然乳胶及其制备和应用,0.7830641,改性天然橡胶、其生产方法和使用其的橡胶组合物以及轮胎
一种橡胶制品用石墨烯微片耐磨母料及制备方法,0.79888254,改性天然橡胶、其生产方法和使用其的橡胶组合物以及轮胎
一种导电热塑性动态硫化硅橡胶及其制备方法,0.7991326,改性天然橡胶、其生产方法和使用其的橡胶组合物以及轮胎
车轮轴承的密封装置及其制造方法,0.8096841,改性天然橡胶、其生产方法和使用其的橡胶组合物以及轮胎
一种彩色橡胶制品及其制作工艺,0.8120729,改性天然橡胶、其生产方法和使用其的橡胶组合物以及轮胎
一种改性PET聚酯的制备方法,0.8130205,改性天然橡胶、其生产方法和使用其的橡胶组合物以及轮胎
橡胶组合物和轮胎,0.49409232,改性天然橡胶、其生产方法和使用其的橡胶组合物以及轮胎
热塑性弹性体组合物、其制造方法及成型体,0.8217442,改性天然橡胶、其生产方法和使用其的橡胶组合物以及轮胎
裸眼立体显示方法、装置及系统,0.8085763,移动终端和在其上显示3D图像的方法
交通支付图形码的生成方法、装置、移动终端及存储介质,0.873939,移动终端和在其上显示3D图像的方法
移动终端和解锁方法、装置,0.8490437,移动终端和在其上显示3D图像的方法
移动终端人机交互方法及系统,0.85431355,移动终端和在其上显示3D图像的方法
支持DSC压缩的VR显示装置及其控制方法,0.8594107,移动终端和在其上显示3D图像的方法
一种应用程序在移动终端运行情况的测试方法、装置和系统,0.86707485,移动终端和在其上显示3D图像的方法
一种显示基板及其制作方法、显示装置,0.86811227,移动终端和在其上显示3D图像的方法
一种数据传输的方法、装置、终端和系统,0.8471177,移动终端和在其上显示3D图像的方法
一种基于移动终端的出行方式的判断方法,0.8743782,移动终端和在其上显示3D图像的方法
一种影像识别的方法、装置、终端设备和医疗系统,0.8762727,移动终端和在其上显示3D图像的方法
一种用户画像方法及装置,0.8178073,移动终端和在其上显示3D图像的方法
一种终端设备的控制方法及终端设备,0.8789107,移动终端和在其上显示3D图像的方法
显示面板、显示装置和制作显示面板的方法,0.8817671,移动终端和在其上显示3D图像的方法
一种显示装置及其制造方法,0.8910555,移动终端和在其上显示3D图像的方法
图像获取方法和设备,0.8943121,移动终端和在其上显示3D图像的方法
图像显示装置,0.84885013,移动终端和在其上显示3D图像的方法
一种显示基板、其制作方法、显示面板及显示装置,0.8779459,移动终端和在其上显示3D图像的方法
显示装置的制造方法及显示装置,0.8442968,移动终端和在其上显示3D图像的方法
用于在移动装置上呈现提示消息的人工智能系统和方法,0.7908103,移动终端和在其上显示3D图像的方法
一种移动终端的自动定位方法及移动终端,0.8281841,移动终端和在其上显示3D图像的方法
车载终端、车载终端的显示方法及显示装置,0.7404947,移动终端和在其上显示3D图像的方法
一种数据传输方法及移动终端,0.72137725,移动终端和在其上显示3D图像的方法
一种移动终端屏幕旋转方法及其移动终端,0.6391247,移动终端和在其上显示3D图像的方法
一种用于识别用户操作模式的方法及移动终端,0.8411946,移动终端和在其上显示3D图像的方法
一种基于增强现实与移动交互的虚拟装配方法,0.80398756,移动终端和在其上显示3D图像的方法
网络切换方法、网络切换装置及移动终端,0.79524744,移动终端和在其上显示3D图像的方法
对供数据传输的图像数据进行优化的方法和系统,0.84918404,用于建议的改进词语和纵向搜索的预览搜索结果技术
一种领域化词向量的优化方法及基于其的融合排序方法,0.8441529,用于建议的改进词语和纵向搜索的预览搜索结果技术
一种真空连续式铸锭炉及其铸锭工艺,0.581148,连续真空炼锅
多功能磁材实验真空烧结装置,0.82328874,连续真空炼锅
冶炼炉余热锅炉的过渡烟道,0.8544166,连续真空炼锅
真空和低压复合的铝合金铸造装置及其方法,0.8643844,连续真空炼锅
一种电源模块维修装置,0.6105475,光伏打模块修整方法及装置
背光源、背光模组、显示装置及背光源制作方法,0.80750525,光伏打模块修整方法及装置
一种太阳能电池板的封装工艺,0.79561883,光伏打模块修整方法及装置
水上光伏系统及其布阵方法,0.803399,光伏打模块修整方法及装置
模块化太阳能和雨水收集装置,0.8101366,光伏打模块修整方法及装置
"太阳光遮蔽模块,玻璃结构,建筑,和操作太阳光遮蔽模块的方法",0.7807844,光伏打模块修整方法及装置
一种太阳能电池板的保护装置,0.824217,光伏打模块修整方法及装置
一种太阳能电站用太阳能板清洗装置,0.8260484,光伏打模块修整方法及装置
一种结构改进的光伏连接器,0.7915208,光伏打模块修整方法及装置
一种光纤发光结构及药水打点加工方法及药水打点装置,0.76888454,光伏打模块修整方法及装置
一种光伏系统及其安装方法,0.6271837,光伏打模块修整方法及装置
基站改造处理方法及装置,0.7555965,光伏打模块修整方法及装置
背光模块,0.8845133,光伏打模块修整方法及装置
光伏组件封装,0.69123816,光伏打模块修整方法及装置
一种变形缝处的施工装模方法及结构,0.8711611,光伏打模块修整方法及装置
光伏智能配电设施保护装置,0.8689354,光伏打模块修整方法及装置
波长转换模组、投影装置以及投影装置的混光方法,0.8680845,光伏打模块修整方法及装置
一种电力领域使用的太阳能电池板安装装置,0.8534443,光伏打模块修整方法及装置
基板处理装置及基板处理装置的调整方法,0.84671193,光伏打模块修整方法及装置
光伏组件支架及光伏组件安装方法,0.68931764,光伏打模块修整方法及装置
一种太阳能电池片位置校正装置及方法,0.6820694,光伏打模块修整方法及装置
一种光伏瓦安装装置及光伏瓦系统,0.67357296,光伏打模块修整方法及装置
一种方便检修的太阳能路灯,0.8755107,光伏打模块修整方法及装置
一种多功能太阳能发电打点计数装置,0.84431016,光伏打模块修整方法及装置
一种太阳能电池晶体硅的高效打磨装置,0.84219027,光伏打模块修整方法及装置
一种内嵌式肋壁冲孔射流强化换热散热器,0.7646759,用于以减小的管直径制造管翅式换热器的发夹管膨胀机
二合一U形管换热器,0.8040797,用于以减小的管直径制造管翅式换热器的发夹管膨胀机
一种用于钢铁厂烧结主排风机的变频智能化节电控制方法,0.7533049,用于以减小的管直径制造管翅式换热器的发夹管膨胀机
一种小孔型脉管热声制冷机,0.75838244,用于以减小的管直径制造管翅式换热器的发夹管膨胀机
用于在夹管阀中使用的套筒,0.7589511,用于以减小的管直径制造管翅式换热器的发夹管膨胀机
一种用于闭式冷却塔的换热管束的组装方法,0.7621788,用于以减小的管直径制造管翅式换热器的发夹管膨胀机
用于换热器折弯的方法、换热管间隔机构和系统,0.59511024,用于以减小的管直径制造管翅式换热器的发夹管膨胀机
一种具有多级能效点压缩机的换热设备及其控制方法,0.7706109,用于以减小的管直径制造管翅式换热器的发夹管膨胀机
小线径扭簧成型夹头装置,0.7810208,用于以减小的管直径制造管翅式换热器的发夹管膨胀机
一种飞机排气管结构及加强卡箍,0.782975,用于以减小的管直径制造管翅式换热器的发夹管膨胀机
一种大直径薄壁管的旋转径向锻造方法,0.78645474,用于以减小的管直径制造管翅式换热器的发夹管膨胀机
用于涡旋压缩机的动涡旋装置及其制造方法及涡旋压缩机,0.7925314,用于以减小的管直径制造管翅式换热器的发夹管膨胀机
一种变形镁合金十字轴的等温锻造成形装置及其方法,0.79960483,用于以减小的管直径制造管翅式换热器的发夹管膨胀机
模制风力涡轮机叶片的壳体部件的方法,0.8010663,用于以减小的管直径制造管翅式换热器的发夹管膨胀机
一种螺旋式二次换热装置,0.80399144,用于以减小的管直径制造管翅式换热器的发夹管膨胀机
旋转管混合器和混合的方法,0.8054789,用于以减小的管直径制造管翅式换热器的发夹管膨胀机
一种双筒铸件壳体换热器,0.6919454,用于以减小的管直径制造管翅式换热器的发夹管膨胀机
用于变频泵组的节能控制方法及换热站,0.8102232,用于以减小的管直径制造管翅式换热器的发夹管膨胀机
一种排气管道改进的洗板机,0.8127862,用于以减小的管直径制造管翅式换热器的发夹管膨胀机
一种改进的电熔管件,0.8199342,用于以减小的管直径制造管翅式换热器的发夹管膨胀机
一种基于轧钢双蓄热加热炉的温度控制方法,0.82303107,用于以减小的管直径制造管翅式换热器的发夹管膨胀机
一种反应釜用安装便利的波形热流管换热器,0.74917966,用于以减小的管直径制造管翅式换热器的发夹管膨胀机
复合材料、管材、换热器、空调与制冷设备,0.73194194,用于以减小的管直径制造管翅式换热器的发夹管膨胀机
基于改进膨胀偏转喷管的大推力闭式膨胀循环火箭发动机,0.7295876,用于以减小的管直径制造管翅式换热器的发夹管膨胀机
一种便于安装的制冷压缩机气缸座,0.80580056,用于以减小的管直径制造管翅式换热器的发夹管膨胀机
一种换热器多功能压板及其制造方法,0.6770978,用于以减小的管直径制造管翅式换热器的发夹管膨胀机
一种壳管换热器用均液器及壳管换热器,0.67174304,用于以减小的管直径制造管翅式换热器的发夹管膨胀机
胀接铜管片式单节散热器及其制作方法,0.6489433,用于以减小的管直径制造管翅式换热器的发夹管膨胀机
一种防胀裂的壳管结构及热水机,0.64444536,用于以减小的管直径制造管翅式换热器的发夹管膨胀机
用于增压器和膨胀机的增材制造转子,0.60257846,用于以减小的管直径制造管翅式换热器的发夹管膨胀机
分子载体的制备方法,0.8228934,"包含反应性添加料的焊接材料,包含这种焊接材料的载体元件或构件以及助熔剂的用途"
氮掺杂的过渡金属硫化物/碳基复合材料的制备方法及其应用,0.81539726,"包含反应性添加料的焊接材料,包含这种焊接材料的载体元件或构件以及助熔剂的用途"
在双金属催化剂和链转移剂的存在下合成聚碳酸酯的方法,0.82634896,"包含反应性添加料的焊接材料,包含这种焊接材料的载体元件或构件以及助熔剂的用途"
一种阻隔性共混物、成型制件及其制备方法和应用,0.82240665,"包含反应性添加料的焊接材料,包含这种焊接材料的载体元件或构件以及助熔剂的用途"
一种用于铝铸造的熔融装置,0.820918,"包含反应性添加料的焊接材料,包含这种焊接材料的载体元件或构件以及助熔剂的用途"
具有混合扩散间断隔离沟槽的金属氧化物半导体单元器件架构,0.8129321,"包含反应性添加料的焊接材料,包含这种焊接材料的载体元件或构件以及助熔剂的用途"
一种放热焊接剂及其焊接方法,0.71559423,"包含反应性添加料的焊接材料,包含这种焊接材料的载体元件或构件以及助熔剂的用途"
活性氧响应的聚合物、载体及其应用,0.7371108,"包含反应性添加料的焊接材料,包含这种焊接材料的载体元件或构件以及助熔剂的用途"
吸氧剂组合物、吸氧性多层体、吸氧性包装容器和物品的保存方法,0.7514916,"包含反应性添加料的焊接材料,包含这种焊接材料的载体元件或构件以及助熔剂的用途"
一种锶掺杂贵金属氧化物的析氧电催化剂及其制备方法,0.76821154,"包含反应性添加料的焊接材料,包含这种焊接材料的载体元件或构件以及助熔剂的用途"
一种用于船体结构焊接施工的辅助工具及其使用方法,0.76961786,"包含反应性添加料的焊接材料,包含这种焊接材料的载体元件或构件以及助熔剂的用途"
电火花熔蚀制备金属粉末反应器的夹持装置,0.77392715,"包含反应性添加料的焊接材料,包含这种焊接材料的载体元件或构件以及助熔剂的用途"
过滤材料、过滤元件、过滤模块及其加工方法,0.77804005,"包含反应性添加料的焊接材料,包含这种焊接材料的载体元件或构件以及助熔剂的用途"
一种铝合金脱模剂组合物及其制备方法,0.77992237,"包含反应性添加料的焊接材料,包含这种焊接材料的载体元件或构件以及助熔剂的用途"
一种碳化硅连接用钎料及其制备方法和应用,0.7887796,"包含反应性添加料的焊接材料,包含这种焊接材料的载体元件或构件以及助熔剂的用途"
一种烯烃类材料二次模压发泡制品的助剂及其制备方法,0.8084691,"包含反应性添加料的焊接材料,包含这种焊接材料的载体元件或构件以及助熔剂的用途"
包括用于形成材料的加压壳体的方法和系统,0.80459726,"包含反应性添加料的焊接材料,包含这种焊接材料的载体元件或构件以及助熔剂的用途"
电触点用的覆层材料和该覆层材料的制造方法,0.79887164,"包含反应性添加料的焊接材料,包含这种焊接材料的载体元件或构件以及助熔剂的用途"
基于锌离子掺杂的三元金属氧化物、其制备方法与应用,0.7945596,"包含反应性添加料的焊接材料,包含这种焊接材料的载体元件或构件以及助熔剂的用途"
用于模块化增材制造构件的方法和构件,0.79195637,"包含反应性添加料的焊接材料,包含这种焊接材料的载体元件或构件以及助熔剂的用途"
电磁炉用烹饪器皿及其制作方法,0.5164484,用于烹饪制备的家电设备
电子设备,0.7974387,用于烹饪制备的家电设备
一种电子设备,0.791721,用于烹饪制备的家电设备
燃气燃烧器和家用烹饪器具,0.50799376,用于烹饪制备的家电设备
智能烹饪系统和烹饪处理方法,0.54944545,用于烹饪制备的家电设备
用于燃气烹饪灶具的燃气燃烧器系统,0.683847,用于烹饪制备的家电设备
烹饪控制方法、烹饪器具、云服务器和烹饪控制系统,0.723612,用于烹饪制备的家电设备
用于运行家用器具的方法以及家用器具,0.7255323,用于烹饪制备的家电设备
设备配网方法、装置和家电设备,0.8163685,用于烹饪制备的家电设备
一种能够独立加热和制冷的饭盒,0.8295046,用于烹饪制备的家电设备
一种用于家具制造的置物柜,0.83372957,用于烹饪制备的家电设备
一种供料设备,0.8339769,用于烹饪制备的家电设备
HV设备和制造此类设备的方法,0.84381676,用于烹饪制备的家电设备
基于自动烹饪机器人的食谱反馈微调系统及微调方法,0.86021,用于烹饪制备的家电设备
一种切割设备,0.8655515,用于烹饪制备的家电设备
一种食堂节能炉灶,0.87080467,用于烹饪制备的家电设备
一种以餐厨垃圾为原料的有机饲料及其制备方法,0.8879685,用于烹饪制备的家电设备
一种清洗设备,0.8923959,用于烹饪制备的家电设备
电容装置及其制造过程和电容式电压互感器,0.87930083,开关电容放大器
接口电路,0.8927744,开关电容放大器
设置主电路开关的电控箱,0.88908774,开关电容放大器
开关电源的自供电电路、控制芯片及开关电源和电气装置,0.88781315,开关电容放大器
用于检查开关元件的开关装置,0.8813904,开关电容放大器
用于功率半导体开关的控制装置,0.88762826,开关电容放大器
开关元件的驱动控制装置,0.84266764,开关电容放大器
具有低电压应力的谐振开关电容变换器及其控制器,0.8310206,开关电容放大器
开关电源及其控制器,0.7876832,开关电容放大器
一种大电流开关柜,0.7257351,开关电容放大器
一种信号放大电路及毫米波信号放大电路,0.6836536,开关电容放大器
激光器与硅光芯片耦合结构及其封装结构和封装方法,0.60480255,光放大电路和光电耦合器
用于MMIC HEMT放大器的补偿器器件,0.8842319,光放大电路和光电耦合器
发光材料装置、激光激活远程荧光系统和前照灯,0.8783657,光放大电路和光电耦合器
用于具有传输线路的耦合天线的相等能量码本的方法和装置,0.87793845,光放大电路和光电耦合器
一种可变光斑与粉末颗粒尺度耦合作用的仿真方法,0.874347,光放大电路和光电耦合器
一种光束调制元件、光学投影模组、感测装置及设备,0.8719762,光放大电路和光电耦合器
接收差分信号的接收器、包括接收器的IC以及显示装置,0.87175304,光放大电路和光电耦合器
一种光纤耦合CCD组件测试仪及测试方法,0.8601579,光放大电路和光电耦合器
发光装置以及照明装置,0.8590915,光放大电路和光电耦合器
一种组合式耦合器,0.7377807,光放大电路和光电耦合器
用于电子内窥镜的光耦合热量处理装置,0.7491629,光放大电路和光电耦合器
光学传感器装置以及电压调节器装置,0.77027977,光放大电路和光电耦合器
光化学传感器,0.7730674,光放大电路和光电耦合器
一种分层式耦合合成电路,0.77623165,光放大电路和光电耦合器
光电转换元件,0.7783325,光放大电路和光电耦合器
光电转换装置,0.7802359,光放大电路和光电耦合器
一种发光控制电路、发光控制方法以及移位寄存器,0.7891168,光放大电路和光电耦合器
发光二极管光源,0.79841477,光放大电路和光电耦合器
一种基于高压晶闸管投切电容器用光电触发板,0.8367313,光放大电路和光电耦合器
一种可切换匹配网络及电感耦合等离子处理器,0.8405037,光放大电路和光电耦合器
一种光源输出波长调节装置,0.84739333,光放大电路和光电耦合器
发光控制信号生成电路、显示面板和显示装置,0.85056275,光放大电路和光电耦合器
电子开关和调光器,0.858505,光放大电路和光电耦合器
一种数据均衡分流方法、装置、分流设备及存储介质,0.6111948,用于数据交换的器件、系统和方法
传输数据的方法和网络设备,0.5732228,用于数据交换的器件、系统和方法
数据传输方法及装置,0.5778216,用于数据交换的器件、系统和方法
数据传输方法及相关产品,0.58002234,用于数据交换的器件、系统和方法
现场仪器、系统及波形数据输出方法,0.60109663,用于数据交换的器件、系统和方法
用于在无线通信系统中加速数据处理的方法和装置,0.60933113,用于数据交换的器件、系统和方法
数据的存储方法及装置,0.62020314,用于数据交换的器件、系统和方法
数据处理方法、装置和用户端,0.5631679,用于数据交换的器件、系统和方法
数据处理方法和装置、电子设备、计算机可读存储介质,0.6524003,用于数据交换的器件、系统和方法
带形数据处理方法和装置以及存储介质,0.6254049,用于数据交换的器件、系统和方法
一种数据下发方法、装置、服务器及存储介质,0.6376729,用于数据交换的器件、系统和方法
单传感器数据关联前处理方法,0.6315628,用于数据交换的器件、系统和方法
一种系统的多状态处理方法及相关装置,0.634461,用于数据交换的器件、系统和方法
一种数据的处理设备、方法及系统,0.44893053,用于数据交换的器件、系统和方法
用于提供输出面的数据处理系统和方法,0.4953872,用于数据交换的器件、系统和方法
用于进行数据传输的方法和装置,0.49606517,用于数据交换的器件、系统和方法
一种数据的处理方法和系统,0.50019735,用于数据交换的器件、系统和方法
用于车辆的无线电力传输装置,0.7632468,车辆用电源装置和车辆以及车辆侧负载的非接触状态检测方法
一种车载雷达标定方法、装置、车载设备及存储介质,0.73128885,车辆用电源装置和车辆以及车辆侧负载的非接触状态检测方法
一种动态识别重型商用车实际运行高油耗恶劣工况的方法和装置,0.75418895,车辆用电源装置和车辆以及车辆侧负载的非接触状态检测方法
车辆用传感器系统和包括该车辆用传感器系统的车辆,0.7490998,车辆用电源装置和车辆以及车辆侧负载的非接触状态检测方法
一种电动汽车负荷预测方法,0.73645544,车辆用电源装置和车辆以及车辆侧负载的非接触状态检测方法
多传感器目标匹配方法、装置及汽车,0.7261598,车辆用电源装置和车辆以及车辆侧负载的非接触状态检测方法
车辆、超声波系统和装置及其信息交互方法,0.7260172,车辆用电源装置和车辆以及车辆侧负载的非接触状态检测方法
用于自动检测气动致动器的故障配置的方法和装置,0.6687599,车辆用电源装置和车辆以及车辆侧负载的非接触状态检测方法
用于校准车辆感测装置的系统和方法,0.64801264,车辆用电源装置和车辆以及车辆侧负载的非接触状态检测方法
一种强扰动状态下反馈控制下复合故障的诊断方法及装置,0.7667062,车辆用电源装置和车辆以及车辆侧负载的非接触状态检测方法
基于电流变液的往复式车载路面裂纹检测系统频率检验仪,0.76397586,车辆用电源装置和车辆以及车辆侧负载的非接触状态检测方法
报警触发电源断开的装置、系统和方法,0.7834439,车辆用电源装置和车辆以及车辆侧负载的非接触状态检测方法
用于控制车辆的后轮转向的方法和装置,0.7754188,车辆用电源装置和车辆以及车辆侧负载的非接触状态检测方法
一种避免启动冲击电流的装置,0.7800426,车辆用电源装置和车辆以及车辆侧负载的非接触状态检测方法
检测装置,0.78174406,车辆用电源装置和车辆以及车辆侧负载的非接触状态检测方法
用于车辆的转向设备,0.7867739,车辆用电源装置和车辆以及车辆侧负载的非接触状态检测方法
用于具有主动伤害减轻技术的电动工具的检测系统,0.793158,车辆用电源装置和车辆以及车辆侧负载的非接触状态检测方法
一种前碰撞吸能装置和具有其的车身总成,0.7947455,车辆用电源装置和车辆以及车辆侧负载的非接触状态检测方法
一种像素驱动电路、显示装置及像素驱动电路的驱动方法,0.55088645,用于驱动放电灯的电路装置和方法
压电驱动装置及其驱动方法、机器人、电子部件输送装置,0.6410587,用于驱动放电灯的电路装置和方法
驱动电路,0.55075836,用于驱动放电灯的电路装置和方法
驱动电路、驱动方法与投影机,0.51602846,用于驱动放电灯的电路装置和方法
一种无极灯电源驱动电路及控制方法,0.4841925,用于驱动放电灯的电路装置和方法
驱动电路、像素电路、其驱动方法及显示装置,0.46862087,用于驱动放电灯的电路装置和方法
信号调整电路及方法、显示装置,0.5553861,用于驱动放电灯的电路装置和方法
电动机驱动装置,0.6371712,用于驱动放电灯的电路装置和方法
一种栅极驱动电路及其驱动方法,0.57352567,用于驱动放电灯的电路装置和方法
移位寄存器、栅极电路、显示装置及其驱动方法,0.58270866,用于驱动放电灯的电路装置和方法
操作驱动单元的方法及实施该方法的电机和驱动单元,0.58329165,用于驱动放电灯的电路装置和方法
一种移位寄存器及其驱动方法、栅极驱动电路、显示装置,0.5985061,用于驱动放电灯的电路装置和方法
一种照明控制装置、方法及系统,0.6055572,用于驱动放电灯的电路装置和方法
驱动装置及其驱动方法、显示装置,0.6297705,用于驱动放电灯的电路装置和方法
一种像素电路、其驱动方法及显示面板、显示装置,0.6298206,用于驱动放电灯的电路装置和方法
使用有机发光器件的照明装置和用于制造照明装置的方法,0.65735143,用于驱动放电灯的电路装置和方法
LED负载驱动电路及其驱动方法,0.43905365,用于驱动放电灯的电路装置和方法
LED调光电路及LED驱动系统,0.66559577,用于驱动放电灯的电路装置和方法
分布式系统的访问频率控制方法、装置、系统及服务器,0.7420288,采用空间分集改善无线链路鲁棒性的方法和系统
无线网络中传输速率的调节方法及装置,0.7543383,采用空间分集改善无线链路鲁棒性的方法和系统
用于阻抗网络调谐的具有相位检测的射频加热系统,0.75765485,采用空间分集改善无线链路鲁棒性的方法和系统
一种提升光纤环粘接均匀性的装置及方法,0.7914981,采用空间分集改善无线链路鲁棒性的方法和系统
网络分流方法及相关设备,0.79182917,采用空间分集改善无线链路鲁棒性的方法和系统
应用盲自适应波束成形算法的射频能量收集系统及方法,0.79419935,采用空间分集改善无线链路鲁棒性的方法和系统
一种空间用低共模干扰的无桥PFC变换器及方法,0.8103824,采用空间分集改善无线链路鲁棒性的方法和系统
一种无线传感器网络动态分簇路由方法及装置,0.8105055,采用空间分集改善无线链路鲁棒性的方法和系统
无线通信系统中的上行链路多天线传输方法及其装置,0.8153286,采用空间分集改善无线链路鲁棒性的方法和系统
一种FTTx网络拓扑链路的构建方法及装置,0.8172492,采用空间分集改善无线链路鲁棒性的方法和系统
一种无线网络环境下基于UDP的数据传输速率自适应方法,0.8180787,采用空间分集改善无线链路鲁棒性的方法和系统
一种适用于无线通信网络的路由方法,0.8197001,采用空间分集改善无线链路鲁棒性的方法和系统
MTC设备中对天线分集的选择性使用,0.8221314,采用空间分集改善无线链路鲁棒性的方法和系统
无线传感器网络链路质量预测方法,0.82223433,采用空间分集改善无线链路鲁棒性的方法和系统
用于分布式天线系统的具有参考信号的回程链路,0.8246717,采用空间分集改善无线链路鲁棒性的方法和系统
一种视频辅助的LC型光纤连接器的点胶方法,0.8270178,采用空间分集改善无线链路鲁棒性的方法和系统
基于频分系统实现水下多目标时延估计处理的方法,0.8313564,采用空间分集改善无线链路鲁棒性的方法和系统
多个接入点的无线网络中的信号强度估计的设备和方法,0.82873833,采用空间分集改善无线链路鲁棒性的方法和系统
无线网络优化方法及装置,0.82856536,采用空间分集改善无线链路鲁棒性的方法和系统
利用DFE和CTLE的高速链路均衡方法,0.6766646,采用空间分集改善无线链路鲁棒性的方法和系统
用于新无线电中的小循环延迟分集的技术,0.6985753,采用空间分集改善无线链路鲁棒性的方法和系统
一种具有部分连通性的异构网络的功率控制方法,0.7095518,采用空间分集改善无线链路鲁棒性的方法和系统
基于时间片轮询的单天线无源数据发射系统及其实现方法,0.7216137,采用空间分集改善无线链路鲁棒性的方法和系统
一种基于复杂网络的集群系统脆性测评方法,0.7274236,采用空间分集改善无线链路鲁棒性的方法和系统
一种异构网上行链路频谱分配方法,0.7283236,采用空间分集改善无线链路鲁棒性的方法和系统
一种芯片数据自毁封装结构,0.7442546,倒装芯片过模封装件
树脂封装型电力半导体装置的制造方法,0.80071807,倒装芯片过模封装件
具有复制裸片接合垫的半导体装置及相关联装置封装及其制造方法,0.825794,倒装芯片过模封装件
一种半导体芯片生产工艺,0.8361428,倒装芯片过模封装件
用于制造衬底板的方法、衬底板、用于制造半导体模块的方法和半导体模块,0.83752733,倒装芯片过模封装件
一种高压IGBT模块封装用释放液注入工装,0.7858561,倒装芯片过模封装件
封装薄膜、电子装置及电子装置的制备方法,0.7939541,倒装芯片过模封装件
一种倒片机硅片防撞装置,0.77344424,倒装芯片过模封装件
集成电路封装,0.7416635,倒装芯片过模封装件
封装结构,0.73981243,倒装芯片过模封装件
封装结构、解决传感器芯片封装后封装体内部应力的方法,0.7203082,倒装芯片过模封装件
半导体封装装置和其制造方法,0.69125605,倒装芯片过模封装件
电子封装外壳的切针模具,0.6790438,倒装芯片过模封装件
半导体封装基板及其制造方法,0.67553264,倒装芯片过模封装件
一种翻转夹持式芯片封装机构,0.6613995,倒装芯片过模封装件
高压碳化硅肖特基二极管倒装芯片阵列,0.76362604,倒装芯片过模封装件
封装件及其形成方法,0.76453024,倒装芯片过模封装件
芯片的封装结构以及封装方法,0.6157857,倒装芯片过模封装件
半导体封装,0.6023132,倒装芯片过模封装件
电子封装件及其制法,0.7131613,倒装芯片过模封装件
刀具容器,0.7290476,带锯刀
剃刀刀片架,0.70617825,带锯刀
剃刀刀片架及装配方法,0.8029815,带锯刀
孔锯组件,0.70071673,带锯刀
切削工具,0.673249,带锯刀
带支架的铣刀,0.6692498,带锯刀
一种用于木工带锯机的切割木板的挡板装置,0.66143364,带锯刀
一种变相磨钻刀刀具,0.6537431,带锯刀
一种切割锯,0.5571733,带锯刀
切削刀具,0.5521522,带锯刀
一种不损坏锯片的防割手的台锯,0.78244066,带锯刀
一种刮胡刀,0.86928064,带锯刀
一种便于夹紧的车床的刀架,0.8739538,带锯刀
用于刀架的夹具,0.71641,带锯刀
木工带锯机的锯位自调节装置,0.7619029,带锯刀
用于剃刀的柄部,0.8963771,带锯刀
一种作为受力连接件的孔板,0.6927053,构造成支撑可移除附接件的动力工具
用于自行车托架的支承组件的夹持爪,0.7617518,构造成支撑可移除附接件的动力工具
转移支撑件及转移模块,0.5883583,构造成支撑可移除附接件的动力工具
一种可旋转的锚固组件,0.6720398,构造成支撑可移除附接件的动力工具
一种房屋建造用移动工作架,0.7494692,构造成支撑可移除附接件的动力工具
一种卸载减震结构及液压系统,0.77675986,构造成支撑可移除附接件的动力工具
包括相对于车身的固定件的上悬置、包括这种悬置的组件和用于将这种悬置接合至车身的方法,0.77813435,构造成支撑可移除附接件的动力工具
挠性衬底结构及其制造方法,0.78055954,构造成支撑可移除附接件的动力工具
同轴移动结构和装配方法,0.74119115,构造成支撑可移除附接件的动力工具
基坑装配式型钢支撑体系中可调支撑结构及其使用方法,0.7278364,构造成支撑可移除附接件的动力工具
一种齿轮箱安装用辅助工件,0.7261785,构造成支撑可移除附接件的动力工具
包括可移除的插入件的上悬置、包括这种悬置的组件和这种悬置的制造方法,0.72560537,构造成支撑可移除附接件的动力工具
一种机械设备与钢构件的定位连接装置,0.74808544,构造成支撑可移除附接件的动力工具
一种基于二次相位函数参数估计及补偿的改进算法,0.8124644,具有相位优化的波峰因数降低
一种用于降低低优先级包延迟的公平调度方法,0.8278341,具有相位优化的波峰因数降低
基于目标函数修正的稳健低副瓣波束形成方法,0.82165086,具有相位优化的波峰因数降低
相敏波束跟踪,0.8170119,具有相位优化的波峰因数降低
基于相位法的多波束声呐海底地形测量质量实时评估方法,0.8553728,具有相位优化的波峰因数降低
一种基于改进的卡尔曼滤波的铷原子钟参数估计算法,0.8980756,具有相位优化的波峰因数降低
一种振动环境下相噪恶化低的时钟分配模块,0.8987113,具有相位优化的波峰因数降低
用于提供位移信号的抗污染和缺陷光学编码器配置,0.89515465,具有相位优化的波峰因数降低
一种需求响应参与电网削峰填谷效果的评估方法,0.8483699,具有相位优化的波峰因数降低
一种立体影像全局优化匹配的平滑项参数计算方法及设备,0.8956491,具有相位优化的波峰因数降低
一种检测海浪行波参数的方法及姿态自调整的无人船,0.8829763,具有相位优化的波峰因数降低
一种全局优化的SEVI调节因子方法,0.79997087,具有相位优化的波峰因数降低
一种基于幅度法的多波束声呐海底地形测量质量实时评估方法,0.88956976,具有相位优化的波峰因数降低
用于存储系统校准和修整的频率信息的系统和方法,0.89106506,具有相位优化的波峰因数降低
一种抗差的传感器网络目标定位方法,0.8975815,具有相位优化的波峰因数降低
一种中低比转速叶轮多工况智能优化方法,0.8094492,具有相位优化的波峰因数降低
用于加热滑动凸轮轴致动器的方法,0.77172655,花键连接结构以及在凸轮轴和可动凸轮支承件之间具有花键连接结构的气门机构
轴承滚珠自动装配机,0.81676495,花键连接结构以及在凸轮轴和可动凸轮支承件之间具有花键连接结构的气门机构
轴套结构,0.8087712,花键连接结构以及在凸轮轴和可动凸轮支承件之间具有花键连接结构的气门机构
用于悬架系统的集成转向节叉和弹簧座,0.80269855,花键连接结构以及在凸轮轴和可动凸轮支承件之间具有花键连接结构的气门机构
一种利用离心力实现自动润滑调节的链条套筒,0.7942734,花键连接结构以及在凸轮轴和可动凸轮支承件之间具有花键连接结构的气门机构
一种采用可锁紧铰链连杆式自动喷涂机械装置,0.79298866,花键连接结构以及在凸轮轴和可动凸轮支承件之间具有花键连接结构的气门机构
涡轮组件、榫接结构及其制备方法,0.78315586,花键连接结构以及在凸轮轴和可动凸轮支承件之间具有花键连接结构的气门机构
链条传送式轴承套圈锻件自动控温喷雾冷却装置,0.86835676,花键连接结构以及在凸轮轴和可动凸轮支承件之间具有花键连接结构的气门机构
凸轮开口装置的同步带调节机构,0.65448314,花键连接结构以及在凸轮轴和可动凸轮支承件之间具有花键连接结构的气门机构
具有平衡调节凸起的传动轴花键叉,0.6691015,花键连接结构以及在凸轮轴和可动凸轮支承件之间具有花键连接结构的气门机构
带有制动凸轮的可变的阀动装置,0.67270815,花键连接结构以及在凸轮轴和可动凸轮支承件之间具有花键连接结构的气门机构
包括具有气门弹簧的配气机构的内燃发动机和用于安装此类气门弹簧的方法,0.7177025,花键连接结构以及在凸轮轴和可动凸轮支承件之间具有花键连接结构的气门机构
用于金刚线多晶硅片的三轴联动自动喷砂装置,0.86450624,花键连接结构以及在凸轮轴和可动凸轮支承件之间具有花键连接结构的气门机构
花键驱动式钻钢联接器,0.82331014,花键连接结构以及在凸轮轴和可动凸轮支承件之间具有花键连接结构的气门机构
用于滚动轴承的端部挡盖,0.8518904,花键连接结构以及在凸轮轴和可动凸轮支承件之间具有花键连接结构的气门机构
一种非接触式的机械密封结构,0.8626809,花键连接结构以及在凸轮轴和可动凸轮支承件之间具有花键连接结构的气门机构
球铰链、汽车横向稳定杆连接杆总成及其制备方法,0.85940534,花键连接结构以及在凸轮轴和可动凸轮支承件之间具有花键连接结构的气门机构
用于磁悬浮轴承的径向与轴向的组合传感器,0.85602057,花键连接结构以及在凸轮轴和可动凸轮支承件之间具有花键连接结构的气门机构
一种提高具有凸台结构的铸件产品内部质量的压铸装置,0.84611905,花键连接结构以及在凸轮轴和可动凸轮支承件之间具有花键连接结构的气门机构
具有气动连接功能的自动换装系统,0.82418257,花键连接结构以及在凸轮轴和可动凸轮支承件之间具有花键连接结构的气门机构
一种辊筒锁接支撑式压花辊观测装置,0.8307182,花键连接结构以及在凸轮轴和可动凸轮支承件之间具有花键连接结构的气门机构
自锁补偿节支撑结构,0.8493535,花键连接结构以及在凸轮轴和可动凸轮支承件之间具有花键连接结构的气门机构
一种固定不规则金相试样的装置及固定方法,0.7943256,用于将元件固定在壁的钥匙孔形切口中的固定装置和方法
一种仪器仪表固定放置装置,0.7839975,用于将元件固定在壁的钥匙孔形切口中的固定装置和方法
一种磁力矩装置及传动反向锁止装置,0.81923974,用于将元件固定在壁的钥匙孔形切口中的固定装置和方法
建筑部件及锁装置,0.81866413,用于将元件固定在壁的钥匙孔形切口中的固定装置和方法
一种易开盖铆钉结构的检测方法,0.8167536,用于将元件固定在壁的钥匙孔形切口中的固定装置和方法
"对准上部和下部可更换工具的方法,以及用于处理工件片材的装置",0.80791026,用于将元件固定在壁的钥匙孔形切口中的固定装置和方法
一种适用于晶圆的背面吸片装置及其实现方法,0.7889989,用于将元件固定在壁的钥匙孔形切口中的固定装置和方法
开锁方法、开锁装置、锁系统、锁设备和存储介质,0.7801994,用于将元件固定在壁的钥匙孔形切口中的固定装置和方法
用于显示装置的盖窗和该盖窗的制造方法,0.7823392,用于将元件固定在壁的钥匙孔形切口中的固定装置和方法
一种轴件的测量方法及装置,0.78083956,用于将元件固定在壁的钥匙孔形切口中的固定装置和方法
具有由被密集装塞的四面体组成的敞开芯部结构的夹层构造元件,0.7680455,用于将元件固定在壁的钥匙孔形切口中的固定装置和方法
控制窗户的方法及装置,0.7687641,用于将元件固定在壁的钥匙孔形切口中的固定装置和方法
用于驱动井下套筒及其他装置的方法和设备,0.77392113,用于将元件固定在壁的钥匙孔形切口中的固定装置和方法
用于制造柔性中间散装容器的系统和方法,0.8231174,用于将元件固定在壁的钥匙孔形切口中的固定装置和方法
将基材固定至塑料条的设备和方法及可通过所述方法获得的保持装置,0.68417656,用于将元件固定在壁的钥匙孔形切口中的固定装置和方法
一种开口薄壁环形法兰盘的定位夹具和定位方法,0.6876905,用于将元件固定在壁的钥匙孔形切口中的固定装置和方法
一种在管路上安装电子芯片的自适应楔锥装置,0.73799765,用于将元件固定在壁的钥匙孔形切口中的固定装置和方法
一种密闭金属壳体引线密封装置及方法,0.7450875,用于将元件固定在壁的钥匙孔形切口中的固定装置和方法
开锁方法及装置,0.74548835,用于将元件固定在壁的钥匙孔形切口中的固定装置和方法
切换方法和装置,0.7505075,用于将元件固定在壁的钥匙孔形切口中的固定装置和方法
一种用于固定元器件的安装结构、发热体组件及发热装置,0.7976485,用于将元件固定在壁的钥匙孔形切口中的固定装置和方法
一种基于粒子群算法的压电陶瓷驱动器控制方法,0.8233247,低频率的合成射流促动器及其制造方法
一种基于分组分类混合换流阀的触发脉冲生成方法及系统,0.8218795,低频率的合成射流促动器及其制造方法
电磁致动器及其制造方法,0.7993022,低频率的合成射流促动器及其制造方法
低功耗脉冲控制系统及方法,0.81962043,低频率的合成射流促动器及其制造方法
一种宽频柔性导磁薄膜及其制备方法,0.81845516,低频率的合成射流促动器及其制造方法
线束制造系统和线束制造方法,0.81511307,低频率的合成射流促动器及其制造方法
用于口腔冲洗器的促动组件,0.8149252,低频率的合成射流促动器及其制造方法
一种零误差高阶变流器的多频无源控制方法和系统,0.80992216,低频率的合成射流促动器及其制造方法
一种电导连续可变的忆阻器及其制备方法和应用,0.80590415,低频率的合成射流促动器及其制造方法
一种非授权频谱上的通信方法和装置,0.8058725,低频率的合成射流促动器及其制造方法
一种微波组件及其制备方法,0.80470246,低频率的合成射流促动器及其制造方法
射孔系统和方法中弹药的优化定相,0.80153793,低频率的合成射流促动器及其制造方法
基于太赫兹衰减全反射技术的transwell检测装置及方法,0.79533494,低频率的合成射流促动器及其制造方法
一种基于开关时序的微型磁阻式线圈炮弹丸射速控制方法,0.790296,低频率的合成射流促动器及其制造方法
基于高阶应变振型反馈控制的高频振动时效系统及方法,0.7816764,低频率的合成射流促动器及其制造方法
用于行波管功率放大器预失真的线性化器及其调节方法,0.77471834,低频率的合成射流促动器及其制造方法
一种波束反馈方法及设备,0.7549164,低频率的合成射流促动器及其制造方法
用于进行接通电流限制的电子器件和电子器件的应用,0.75348014,低频率的合成射流促动器及其制造方法
弹性波器件用基板的制造方法,0.72344923,低频率的合成射流促动器及其制造方法
射精促进装置,0.71292627,低频率的合成射流促动器及其制造方法
弹性波装置及其制造方法,0.67662317,低频率的合成射流促动器及其制造方法
一种高精度随机跳频DDS频率合成器,0.8306655,低频率的合成射流促动器及其制造方法
优化变压器结构以降低反激式开关电源传导共模干扰的方法,0.83313173,低频率的合成射流促动器及其制造方法
一种射流混合曝气器,0.8348718,低频率的合成射流促动器及其制造方法
一种低温推进剂供给系统、方法及装置,0.83703744,低频率的合成射流促动器及其制造方法
存储元件和存储元件的制造方法,0.8411678,用来对容器的内容物进行压缩的罩盖构造
可堆叠的系统容器,0.7658809,用来对容器的内容物进行压缩的罩盖构造
层叠结构体及其制作方法,0.8362736,用来对容器的内容物进行压缩的罩盖构造
通过吹制制造塑料制的容器的方法,0.53843945,用来对容器的内容物进行压缩的罩盖构造
成型物的压缩成型装置,0.6453618,用来对容器的内容物进行压缩的罩盖构造
一种用于内篮倒料装置中的压紧机构,0.6615247,用来对容器的内容物进行压缩的罩盖构造
填料以压力导入型坯制造填充容器的设备的成型及填充站,0.66243,用来对容器的内容物进行压缩的罩盖构造
压力容器用钢的轧制设备,0.7008901,用来对容器的内容物进行压缩的罩盖构造
隔断式可拼接型材容器,0.76055765,用来对容器的内容物进行压缩的罩盖构造
层叠体的制造方法、层叠体、纸制包装材料,0.7658109,用来对容器的内容物进行压缩的罩盖构造
一种适用于直装加热压力容器用钢板坯的生产方法,0.77058244,用来对容器的内容物进行压缩的罩盖构造
一种压力容器用钢的多道次轧制设备,0.7958767,用来对容器的内容物进行压缩的罩盖构造
一种法兰结构、包括该法兰结构的压缩机及电器,0.8351336,用来对容器的内容物进行压缩的罩盖构造
液体容纳体和液体喷射系统,0.8325579,用来对容器的内容物进行压缩的罩盖构造
具有受控的热膨胀系数的玻璃层叠体及其制造方法,0.83058023,用来对容器的内容物进行压缩的罩盖构造
用于条形材存储装置的缓冲机构,0.81500983,用来对容器的内容物进行压缩的罩盖构造
用于压实载具中垃圾的系统,0.8089661,用来对容器的内容物进行压缩的罩盖构造
层叠型电子部件的制造方法,0.8076396,用来对容器的内容物进行压缩的罩盖构造
能堆叠的系统容器,0.7992923,用来对容器的内容物进行压缩的罩盖构造
一种风电机组发电机绕组故障智能诊断系统及方法,0.7998862,发电机网络和本地电力系统
用于电梯系统的通信系统和通信方法,0.7824642,发电机网络和本地电力系统
一种混合动力车型发电控制逻辑及系统,0.7890947,发电机网络和本地电力系统
核电厂公用机组交叉监视和管理系统以及方法,0.79101986,发电机网络和本地电力系统
电子式互感器与变电站主站系统通信安全的综合评估方法,0.79149634,发电机网络和本地电力系统
电力转换装置,0.792449,发电机网络和本地电力系统
发电装置和列车,0.8045657,发电机网络和本地电力系统
偏航系统及其控制方法、制作方法、风力发电机组,0.80068386,发电机网络和本地电力系统
安装架、能量存储单元、变桨系统、风力发电机组及方法,0.81225026,发电机网络和本地电力系统
一种应用于电力设备局部放电模式识别系统,0.8149709,发电机网络和本地电力系统
第三代智能变电站测控子机测试系统及其应用方法,0.815639,发电机网络和本地电力系统
新型电力操作电源,0.8165194,发电机网络和本地电力系统
一种基于区域内部交易的智能电网监控系统及其控制方法,0.77558005,发电机网络和本地电力系统
新型的电力操作电源监控模块,0.7602946,发电机网络和本地电力系统
一种分布式电源接入电网仿真方法和系统,0.74766755,发电机网络和本地电力系统
城市力电转换装置,0.7370072,发电机网络和本地电力系统
一种电网运行指标分析系统,0.7182371,发电机网络和本地电力系统
用于发电机的阻尼系统,0.71285623,发电机网络和本地电力系统
用于监测风力发电机的法兰联接机构的系统和方法,0.67424273,发电机网络和本地电力系统
一种基于数学模型的区域电网的能源管理系统,0.6705847,发电机网络和本地电力系统
一种分布式模块化并网发电系统及其控制方法,0.66904294,发电机网络和本地电力系统
一种能源互联网新型发电机系统效率优化控制方法,0.6230649,发电机网络和本地电力系统
量子信息传输装置及其传输方法,0.70563555,用于传输电力的设备
用于智能设备的协作传输管理,0.6443876,用于传输电力的设备
机动车的车桥动力传动设备和运行车桥动力传动设备的方法,0.661739,用于传输电力的设备
具有测量装置的风力发电设备,0.66025174,用于传输电力的设备
用于将高压导体与电气设备的绕组连接的设备,0.6340083,用于传输电力的设备
线圈单元及使用其的供电装置、受电装置及无线电力传输系统,0.6245774,用于传输电力的设备
用于在蜂窝基站中提供备用电力的方法和装备,0.6093286,用于传输电力的设备
一种电量分配方法及装置,0.58702344,发电系统的电力贮存装置以及该电力贮存装置的运用方法
摄像装置、发光装置、其控制方法和存储介质,0.581465,发电系统的电力贮存装置以及该电力贮存装置的运用方法
电池存储装置、电池存储和交换系统,0.60174406,发电系统的电力贮存装置以及该电力贮存装置的运用方法
一种供电系统调频方法、装置、控制设备及存储介质,0.64712435,发电系统的电力贮存装置以及该电力贮存装置的运用方法
用于接收由生成交流电压的发电机产生的功率的方法以及用于实现该方法的系统,0.6480939,发电系统的电力贮存装置以及该电力贮存装置的运用方法
用于内燃机的控制装置及用于内燃机的控制方法,0.6353697,发电系统的电力贮存装置以及该电力贮存装置的运用方法
一种用于水路系统的保护装置及方法,0.6297057,发电系统的电力贮存装置以及该电力贮存装置的运用方法
一种含多源电网中长期负荷预测装置及方法,0.62392116,发电系统的电力贮存装置以及该电力贮存装置的运用方法
光能发电并储存装置,0.6182913,发电系统的电力贮存装置以及该电力贮存装置的运用方法
铰接的引导管,0.89829534,线性引导件
一种导引图传输设备和方法,0.8820016,线性引导件
一种芯片的导电线路制作工艺,0.8804137,线性引导件
一种引射器,0.87638515,线性引导件
引线框条带,0.6183289,线性引导件
一种侧板与滑轨的连接装置,0.7232258,线性滚动轴承和具有线性滚动轴承的换档装置
一种汽车传动轴的护圈装配装置,0.6887943,线性滚动轴承和具有线性滚动轴承的换档装置
带自适应传动装置的兼具单、双中间轴优势的变速器,0.7117581,线性滚动轴承和具有线性滚动轴承的换档装置
具有双向稳定链轮的自动换装系统,0.5913419,线性滚动轴承和具有线性滚动轴承的换档装置
一种传动轴,0.6100686,线性滚动轴承和具有线性滚动轴承的换档装置
一种用于轴承的批量清洗装置,0.7216117,线性滚动轴承和具有线性滚动轴承的换档装置
轴承装配机的装球装置,0.62458116,线性滚动轴承和具有线性滚动轴承的换档装置
一种立式磁悬浮轴承辅助轴承装置,0.635148,线性滚动轴承和具有线性滚动轴承的换档装置
具有轭绕组的活性径向磁轴承,0.67340285,线性滚动轴承和具有线性滚动轴承的换档装置
一种行星滚柱丝杠传动系统,0.67401063,线性滚动轴承和具有线性滚动轴承的换档装置
内啮合强制运动链立式滚磨机垂向与径向进刀机构,0.7026749,线性滚动轴承和具有线性滚动轴承的换档装置
主动磁轴承和用于冷却主动磁轴承的方法,0.7062252,线性滚动轴承和具有线性滚动轴承的换档装置
采用柔性轴联接器的同向锥双齿轮箱,0.64914674,线性滚动轴承和具有线性滚动轴承的换档装置
一种交叉滚子轴承外圈内滚道的尺寸测量方法,0.6664357,线性滚动轴承和具有线性滚动轴承的换档装置
建筑物综合供热提高风电消纳的热电联合系统调度方法,0.77953607,用于车辆通风的风扇系统
螺旋桨式风扇及流体输送装置,0.7963454,用于车辆通风的风扇系统
一种消防联动风机控制装置,0.7922555,用于车辆通风的风扇系统
一种排气系统及其使用方法,0.7941617,用于车辆通风的风扇系统
一种发动机热式台转速控制系统及其方法,0.80831236,用于车辆通风的风扇系统
一种汽车外后视镜通风刮雨装置,0.7777718,用于车辆通风的风扇系统
一种换气扇,0.74603885,用于车辆通风的风扇系统
车辆的空调机组,0.76462585,用于车辆通风的风扇系统
一种钢带风冷系统,0.6782162,用于车辆通风的风扇系统
一种混合动力汽车高压电池风冷系统风机控制方法,0.6327905,用于车辆通风的风扇系统
用于机动车辆的前端面的进气管理系统,0.6379184,用于车辆通风的风扇系统
机动车辆空调系统,0.6396377,用于车辆通风的风扇系统
风扇,0.66210574,用于车辆通风的风扇系统
用于车行桥梁的风能发电型风屏障,0.66690624,用于车辆通风的风扇系统
控制发动机气流的方法和系统,0.753906,用于车辆通风的风扇系统
具有通风结构的电磁阀,0.7059074,用于车辆通风的风扇系统
用于电动客车的空调健康监测系统及监测方法,0.7304903,用于车辆通风的风扇系统
一种机柜通风门,0.7356841,用于车辆通风的风扇系统
燃气涡轮发动机风扇叶片包容系统,0.7415235,用于车辆通风的风扇系统
一种用于汽车空调产品的测试台架系统,0.7437778,用于车辆通风的风扇系统
一种具有降噪通风系统的医用空气压缩机,0.6434673,用于车辆通风的风扇系统
具有单一密封件的电池单元插片,0.65908957,电池单元互连系统
一种电连接器自动组装装置,0.7847961,电池单元互连系统
一种物联网电池的定位补偿算法,0.78118813,电池单元互连系统
一种新能源电池用的保护装置,0.77714187,电池单元互连系统
一种自带水路电池箱体结构,0.77116925,电池单元互连系统
一种带启停均衡控制的燃料电池堆单体电压巡检系统,0.7561103,电池单元互连系统
电路基板用电连接器,0.75552577,电池单元互连系统
一种多功能电池装置,0.7513287,电池单元互连系统
电连接器,0.7415815,电池单元互连系统
旋转架组件、电池仓、充换电系统和换电站,0.73809767,电池单元互连系统
自动重合开关电池组件,0.72458553,电池单元互连系统
一种新能源汽车电控系统安装单元中的安装架,0.7208501,电池单元互连系统
一种电动汽车充电连接装置,0.7057723,电池单元互连系统
燃料电池系统,0.6527138,电池单元互连系统
电池连接模块,0.4387309,电池单元互连系统
电池模块的散热系统,0.7862101,电池单元互连系统
一种动力电池控温系统,0.78903913,电池单元互连系统
车辆换电系统,0.803442,电池单元互连系统
一种新能源汽车电控元件用焊锡装置,0.81774914,电池单元互连系统
蓄电组件,0.78867507,电池单元互连系统
电池,0.670084,圆筒形电池
电池外壳,0.7058424,圆筒形电池
一种高容量动力电池专用壳体,0.7269941,圆筒形电池
手电筒,0.7878541,圆筒形电池
电池包的壳体结构、电池包和车辆,0.7848255,圆筒形电池
一种VDA三元电池方形结构顶盖,0.8088167,圆筒形电池
电池包和具有其的车辆,0.89990854,圆筒形电池
太阳能手电筒,0.8805227,圆筒形电池
一种小型AGM辅助电池,0.89184517,圆筒形电池
一种锂电池用托盘架,0.8533001,圆筒形电池
一种减震散热的电池箱结构,0.8486812,圆筒形电池
电筒(C010),0.8361355,圆筒形电池
一种矩形大容量正极弱导锂电池顶盖结构,0.83201426,圆筒形电池
一种电池箱及其箱体及使用该电池箱的电动车辆,0.82961553,圆筒形电池
锂电池封口结构及锂电池,0.82837653,圆筒形电池
一种电动车电池散热箱,0.8114607,圆筒形电池
一种便捷式可移动电动车电池箱,0.859923,圆筒形电池
视频会议实现方法及相关装置,0.69075245,用于异构会话管理的统一接口的方法和装置
终端装置、会话管理实体SME以及通信控制方法,0.5555169,用于异构会话管理的统一接口的方法和装置
发送端联合预处理方法、装置及系统,0.6960202,用于异构会话管理的统一接口的方法和装置
在异类系统中创建通信会话,0.52895445,用于异构会话管理的统一接口的方法和装置
通信方法和通信装置,0.65321183,用于异构会话管理的统一接口的方法和装置
通信方法和装置,0.669895,用于异构会话管理的统一接口的方法和装置
一种同步翻译的装置、方法和系统,0.6990181,用于异构会话管理的统一接口的方法和装置
一种网络接入方法及装置,0.698371,用于异构会话管理的统一接口的方法和装置
基站装置、终端装置以及通信方法,0.6977663,用于异构会话管理的统一接口的方法和装置
主同步信号检测方法及装置、用户终端及可读存储介质,0.7049889,用于异构会话管理的统一接口的方法和装置
接入网络协议多媒体子系统IMS系统的方法及装置,0.70580167,用于异构会话管理的统一接口的方法和装置
一种系统间集群语音互通对接方法,0.7096601,用于异构会话管理的统一接口的方法和装置
随机接入配置方法及装置,0.7211662,用于异构会话管理的统一接口的方法和装置
一种对终端通路进行处理的方法和设备,0.7226065,用于异构会话管理的统一接口的方法和装置
一种通信单元的资产管理方法及装置,0.723532,用于异构会话管理的统一接口的方法和装置
一种多系统调度处理方法及装置,0.72475094,用于异构会话管理的统一接口的方法和装置
发布信息管理方法、装置、存储介质及终端,0.7343174,用于异构会话管理的统一接口的方法和装置
视频会议管理方法及装置,0.7374579,用于异构会话管理的统一接口的方法和装置
一种小区接入的方法和装置,0.7503024,用于异构会话管理的统一接口的方法和装置
用于处理请求的方法和装置,0.7530025,用于异构会话管理的统一接口的方法和装置
基于协作式脑机接口控制系统及信号协作方法,0.69592035,用于异构会话管理的统一接口的方法和装置
语音通话的承载方法、装置及移动终端,0.6924607,用于异构会话管理的统一接口的方法和装置
一种反射镜组件的粘接方法及反射镜组件,0.6233025,粘合剂组合物、粘合剂及光学膜
包含可分解的连接子的光敏剂-肽结合体以及包含该结合体的光动力学诊断或治疗用组合物,0.7571718,粘合剂组合物、粘合剂及光学膜
丙烯树脂组合物和注射成型制品,0.8465227,粘合剂组合物、粘合剂及光学膜
树脂层叠体、显示装置及偏光板,0.8458145,粘合剂组合物、粘合剂及光学膜
复合聚合物,0.8336091,粘合剂组合物、粘合剂及光学膜
含有水解透明质酸衍生物以及阳离子系杀菌剂的隐形眼镜用液体制剂,0.83238477,粘合剂组合物、粘合剂及光学膜
含有缓冲剂的组合物,0.8302341,粘合剂组合物、粘合剂及光学膜
具有高纳米模塑粘合强度和激光直接结构化功能的工程热塑性组合物,0.82170445,粘合剂组合物、粘合剂及光学膜
有机硅乳液组合物及混合物,0.80995864,粘合剂组合物、粘合剂及光学膜
用于无PVC耐磨层的包含结晶嵌段复合物的聚烯烃共混物,0.79509544,粘合剂组合物、粘合剂及光学膜
挥发性有机化合物吸附剂和共混有挥发性有机化合物吸附剂的树脂组合物,0.79295206,粘合剂组合物、粘合剂及光学膜
树脂组合物和使用其的成型物、以及多层结构体,0.77901417,粘合剂组合物、粘合剂及光学膜
具有增强的光学性质的共聚碳酸酯组合物、由其形成的制品和制造方法,0.7540869,粘合剂组合物、粘合剂及光学膜
水性聚氨酯胶黏剂及其制备方法,0.753702,粘合剂组合物、粘合剂及光学膜
氨基甲酸酯粘接剂、粘接片以及显示器,0.7603675,粘合剂组合物、粘合剂及光学膜
用于光泽吸墨介质的涂料组合物,0.6728698,粘合剂组合物、粘合剂及光学膜
有机共轭聚合物荧光材料及其合成方法,0.7075906,粘合剂组合物、粘合剂及光学膜
一种胶合板用胶黏剂的阻燃组合物及其制备方法,0.7244528,粘合剂组合物、粘合剂及光学膜
一种光固化有机硅胶粘剂及其在贴合触摸屏中的应用,0.7383117,粘合剂组合物、粘合剂及光学膜
一种乐器音色美化漆及其制作方法,0.8589872,磁性颜料和提高磁性的方法
一种具有抗氧化功能的磁性纳米复合物及其制备方法,0.8549906,磁性颜料和提高磁性的方法
一种能供应粉末的透气芯制作方法,0.8816201,磁性颜料和提高磁性的方法
一种用于玻璃陶瓷烤彩的烤彩炉及隔离剂制备与应用方法,0.86360604,磁性颜料和提高磁性的方法
一种磁性靶向制剂的制备,0.8698792,磁性颜料和提高磁性的方法
磁体系统和用于这样的磁体系统的磁性塑料部件,0.8734881,磁性颜料和提高磁性的方法
一种附着力强的环氧陶瓷涂料及其制备方法,0.8741386,磁性颜料和提高磁性的方法
一种环保瓷画用彩棒及其制备方法,0.87865376,磁性颜料和提高磁性的方法
用于制造金属泡沫的方法,0.8802432,磁性颜料和提高磁性的方法
一种纳米材料修饰的氟化碳电极材料的制备方法,0.86087227,磁性颜料和提高磁性的方法
一种磁性材料居里温度测量装置,0.8915057,磁性颜料和提高磁性的方法
一种印染化学品提炼方法,0.79358137,磁性颜料和提高磁性的方法
具有高耐光性的珠光金属效果纸材材料和相关制造方法,0.8243507,磁性颜料和提高磁性的方法
一种锂离子电池浆料的制备方法,0.8446748,磁性颜料和提高磁性的方法
一种可提高含钴墨水发色效果的陶瓷墨水及其制备方法、使用方法,0.7896961,磁性颜料和提高磁性的方法
透光率和颜色渐变的牙科材料的制备方法及其制备的产品,0.7792434,磁性颜料和提高磁性的方法
制造永磁体的方法,0.75734425,磁性颜料和提高磁性的方法
一种磁性纺织布制作工艺,0.8905806,磁性颜料和提高磁性的方法
一种锂离子电池浆料及其稳定性的评估方法,0.889663,磁性颜料和提高磁性的方法
一种高含铅土壤的修复药剂及其制备方法,0.894452,磁性颜料和提高磁性的方法
一种低温光泽透明釉料粉体配方及其制备方法,0.8950201,磁性颜料和提高磁性的方法
一种添加超细粉煤灰磁珠的复合导电材料,0.8492338,磁性颜料和提高磁性的方法
一种管材钻孔机,0.70885307,铁轨穿孔机
一种手持式钻孔机,0.8857756,铁轨穿孔机
一种大型机架钻孔机器,0.79078376,铁轨穿孔机
一种便捷式织带打孔机,0.80123794,铁轨穿孔机
木板打孔机,0.82260674,铁轨穿孔机
锁铰孔槽加工机,0.8797221,铁轨穿孔机
夹持式爬行导轨轮,0.8804781,铁轨穿孔机
一种钻杆加工炉,0.8825197,铁轨穿孔机
电力铁塔攀爬机器人足部夹持机构,0.892599,铁轨穿孔机
低结瘤氧化铟锡靶材的制备方法,0.81821877,通过带电离子疗法的患者肿瘤的治疗
用于化学疗法、靶向疗法、光动力疗法、免疫疗法和它们的任何组合的纳米颗粒,0.812444,通过带电离子疗法的患者肿瘤的治疗
功能化介孔硅肿瘤靶向运输控释系统及其制备方法,0.79627293,通过带电离子疗法的患者肿瘤的治疗
用基于TRAIL的治疗剂或死亡受体激动剂选择和治疗患者的方法,0.84812593,通过带电离子疗法的患者肿瘤的治疗
一种肿瘤靶向成像纳米颗粒及其制备方法,0.85223556,通过带电离子疗法的患者肿瘤的治疗
氯氮平在制备肿瘤治疗药物及其作为自噬抑制剂中的应用、药物组合物,0.86323816,通过带电离子疗法的患者肿瘤的治疗
包含经能量处理的中性载体的药物组合物及相关的治疗方法,0.86323977,通过带电离子疗法的患者肿瘤的治疗
一种提高纳米级别物质在活细胞内部靶向输送效果的方法,0.8768623,通过带电离子疗法的患者肿瘤的治疗
一种肿瘤积液抽取装置,0.88362557,通过带电离子疗法的患者肿瘤的治疗
联合治疗,0.89204824,通过带电离子疗法的患者肿瘤的治疗
通过靶向糖蛋白A重复优势蛋白(GARP)治疗和诊断癌症以及单独或联合提供有效免疫疗法的方法,0.89332896,通过带电离子疗法的患者肿瘤的治疗
治疗恶性肿瘤的方法,0.65867305,通过带电离子疗法的患者肿瘤的治疗
一种基于环境监测系统的太阳能供电组件,0.72417754,太阳能电池、太阳能电池串及太阳能电池组件
一种太阳能发电逆变系统,0.6867649,太阳能电池、太阳能电池串及太阳能电池组件
延长电缆式空间用锂离子蓄电池组,0.6923895,太阳能电池、太阳能电池串及太阳能电池组件
一种高抗机械载荷的太阳能组件,0.7135458,太阳能电池、太阳能电池串及太阳能电池组件
一种太阳能燃煤混合发电的评估方法,0.71445817,太阳能电池、太阳能电池串及太阳能电池组件
负极片组件及其制备方法、制备电池的方法和电池,0.72219545,太阳能电池、太阳能电池串及太阳能电池组件
一种金属透明电极及制备方法和构成的有机太阳电池,0.73474765,太阳能电池、太阳能电池串及太阳能电池组件
钙钛矿太阳能电池制备方法,0.77247244,太阳能电池、太阳能电池串及太阳能电池组件
一种太阳能烘干装置,0.7750403,太阳能电池、太阳能电池串及太阳能电池组件
太阳能电池板智能清洗设备,0.7818757,太阳能电池、太阳能电池串及太阳能电池组件
制造太阳能电池的方法和由此获得的太阳能电池,0.6271982,太阳能电池、太阳能电池串及太阳能电池组件
太阳能电池串的故障诊断方法以及故障诊断装置,0.57928896,太阳能电池、太阳能电池串及太阳能电池组件
一种高效异型太阳能电池片的切割与组件,0.57824534,太阳能电池、太阳能电池串及太阳能电池组件
一种有机太阳能电池及其制备方法,0.57752347,太阳能电池、太阳能电池串及太阳能电池组件
一种太阳能电池片裂片装置,0.5453663,太阳能电池、太阳能电池串及太阳能电池组件
一种太阳能电池板,0.44443303,太阳能电池、太阳能电池串及太阳能电池组件
聚离子液体基微孔准固态电解质制备方法与应用,0.77986616,用于氯化氢电解的电解槽
一种钛酸盐担载贵金属基析氧电催化剂及其制备方法,0.6943029,用于氯化氢电解的电解槽
一种钠离子电池负极材料的制备方法,0.6893862,用于氯化氢电解的电解槽
一种低压阳极箔用电解槽,0.67189455,用于氯化氢电解的电解槽
氢氧化镁在中和PTA废水中的应用,0.7100221,用于氯化氢电解的电解槽
一种正极及采用该正极的锂/亚硫酰氯电池,0.7753436,用于氯化氢电解的电解槽
泡沫镍为基底的钨酸镍/聚苯胺超级电容器电极材料的制备方法,0.7419228,用于氯化氢电解的电解槽
超级电容器用的非水电解质,0.71135557,用于氯化氢电解的电解槽
具有阳离子聚合物的镍电镀组合物和电镀镍的方法,0.7400876,用于氯化氢电解的电解槽
一种用于电化学氧气报警仪的凝胶电解质的制备方法,0.7337649,用于氯化氢电解的电解槽
一种用于降低电解液中水分和酸度的添加剂,0.68106896,用于氯化氢电解的电解槽
一种锂离子电池非水电解液及锂离子电池,0.6464535,用于氯化氢电解的电解槽
一种锰酸锂锂离子电池非水电解液,0.67175686,用于氯化氢电解的电解槽
一种锂硫电池正极材料的制备方法,0.7954028,用于氯化氢电解的电解槽
一种基于铂合金的钽类化合物电催化剂及其制备方法和应用,0.81524056,用于氯化氢电解的电解槽
一种基于不锈钢表面电化学合成聚苯胺对电极的制备方法,0.8107721,用于氯化氢电解的电解槽
一种含氯污酸脱氯的方法,0.6666634,用于氯化氢电解的电解槽
一种锂硫电池的正极材料的制备方法,0.79605824,用于氯化氢电解的电解槽
氯乙酰氧基水杨酸的衍生物在药物中的应用,0.79995793,用于氯化氢电解的电解槽
一种质谱电离源用电极材料及其制备方法,0.78812826,用于氯化氢电解的电解槽
用于去除氧化物的洗涤装置及使用其的洗涤方法,0.7832872,用于氯化氢电解的电解槽
一种导热电路板的制作方法,0.85181856,印刷电路板用铜箔及印刷电路板用包铜层压板
复合电子部件及其制造方法和其封装体、电路板,0.8447798,印刷电路板用铜箔及印刷电路板用包铜层压板
用于铜带生产线的刷箱机构,0.8382029,印刷电路板用铜箔及印刷电路板用包铜层压板
一种印刷电路板电源完整性的仿真方法,0.82603234,印刷电路板用铜箔及印刷电路板用包铜层压板
电极层叠组件的制造方法以及电极层叠组件,0.7894439,印刷电路板用铜箔及印刷电路板用包铜层压板
一种印制板阻焊手工双面印刷工装,0.8101456,印刷电路板用铜箔及印刷电路板用包铜层压板
一种新型改良柔性铜箔基板,0.770318,印刷电路板用铜箔及印刷电路板用包铜层压板
层间绝缘材料以及多层印刷布线板,0.7840021,印刷电路板用铜箔及印刷电路板用包铜层压板
一种印制耐弯折印刷电路的复合导电油墨的制备方法,0.78521913,印刷电路板用铜箔及印刷电路板用包铜层压板
一种电子产品用PCB板喷涂装置,0.7066184,印刷电路板用铜箔及印刷电路板用包铜层压板
下压式褶皱柔性PCB电子器件制备整机,0.7619239,印刷电路板用铜箔及印刷电路板用包铜层压板
印刷电路板,0.49693564,印刷电路板用铜箔及印刷电路板用包铜层压板
一种热封型BOPP印刷增强基膜及其制备方法,0.7865559,印刷电路板用铜箔及印刷电路板用包铜层压板
一种集成电路覆铜板除尘装置,0.79112107,印刷电路板用铜箔及印刷电路板用包铜层压板
一种无胶型双面挠性覆铜板及其制备方法,0.79172915,印刷电路板用铜箔及印刷电路板用包铜层压板
用于制造卷绕成盘卷体的电工钢带材层压板的连续过带法,0.7961935,印刷电路板用铜箔及印刷电路板用包铜层压板
一种电子线路板的压层对位机构,0.8024979,印刷电路板用铜箔及印刷电路板用包铜层压板
问卷数据处理方法、装置、计算机设备和存储介质,0.7165632,处理有价文件的方法和设备
一种数据格式的处理方法,0.7471938,处理有价文件的方法和设备
应用程序的资源检查方法、装置、设备及存储介质,0.7406876,处理有价文件的方法和设备
文档生成方法、系统、设备和介质,0.6412664,处理有价文件的方法和设备
用于安全处理器的设备和方法,0.70975757,处理有价文件的方法和设备
一种资源管理模型建立方法、装置及其存储介质,0.753019,处理有价文件的方法和设备
一种信息处理方法及其设备,0.56920075,处理有价文件的方法和设备
评估工作效率的方法、设备和存储介质,0.57726085,处理有价文件的方法和设备
一种文件生成方法和装置,0.69451475,处理有价文件的方法和设备
图像处理方法和电子设备,0.7021149,处理有价文件的方法和设备
检测异常金融交易的设备和方法及计算机可读存储介质,0.7027758,处理有价文件的方法和设备
一种资源分配与管理的方法及设备,0.7055794,处理有价文件的方法和设备
一种投保信息处理方法、系统、装置和存储介质,0.7501116,处理有价文件的方法和设备
液态金属电致驱动小车及其运动控制方法,0.7429496,设有释放机构的车辆的控制踏板
终端、车辆控制系统、以及车辆控制方法,0.74158627,设有释放机构的车辆的控制踏板
车门控制装置,0.67656666,设有释放机构的车辆的控制踏板
车门解锁系统以及车载控制装置,0.7047571,设有释放机构的车辆的控制踏板
车辆制动设备的具有偏心轮室的液压组件,0.74312264,设有释放机构的车辆的控制踏板
驱动力控制装置,0.7139437,设有释放机构的车辆的控制踏板
一种具有减振功能的控制器和车辆,0.60577583,设有释放机构的车辆的控制踏板
作业车辆的控制系统、作业车辆的控制系统的控制方法以及作业车辆,0.74612904,设有释放机构的车辆的控制踏板
多功能车辆属具控制系统及多功能车辆,0.7358864,设有释放机构的车辆的控制踏板
一种速度调节的工业车辆控制系统,0.7803939,设有释放机构的车辆的控制踏板
电动机控制装置,0.7787848,设有释放机构的车辆的控制踏板
使机动车功能部件彼此协调和/或与至少一个车外功能部件协调的方法和控制装置,0.77565295,设有释放机构的车辆的控制踏板
具有连接装置的汽车,0.7651699,设有释放机构的车辆的控制踏板
间距底板设置安装导轨的电控箱,0.754374,设有释放机构的车辆的控制踏板
一种座椅用滑轨解锁装置及具有其的车辆,0.7516349,设有释放机构的车辆的控制踏板
按摩机构及其按摩控制装置、按摩机,0.74673617,设有释放机构的车辆的控制踏板
一种基于声呐的水下图像信息传输装置及其使用方法,0.6283976,信号转换装置、信号处理装置以及信号转换传送系统
一种微型器件转移装置、转移系统及转移方法,0.61866266,信号转换装置、信号处理装置以及信号转换传送系统
信号处理方法、信号输入和输出单元、显控设备和系统,0.58778185,信号转换装置、信号处理装置以及信号转换传送系统
用于管理通过第二通信装置所进行以用于信号的传输的波束形成的第一通信装置及由其执行的方法,0.5943357,信号转换装置、信号处理装置以及信号转换传送系统
一种网络设备、链路转换方法及装置,0.6114595,信号转换装置、信号处理装置以及信号转换传送系统
带有框架侧的调节元件的衬板装置,0.8220298,具有侧片或带元件的吸收性衣物
一种用于柔性助力外衣的单关节双侧驱动装置,0.82935745,具有侧片或带元件的吸收性衣物
一种内部可集成过滤袋的聚结滤芯装置,0.89552224,具有侧片或带元件的吸收性衣物
带有侧滑块双斜顶内收抽芯机构的模具,0.8954913,具有侧片或带元件的吸收性衣物
专门连接带有线束对插件的两边对称的护套结构,0.89169973,具有侧片或带元件的吸收性衣物
具平衡斜纹机侧层的抗导成形织物,0.8904238,具有侧片或带元件的吸收性衣物
一种具有隐形透气衣领的T恤,0.8826826,具有侧片或带元件的吸收性衣物
一种抗菌弹性贴身面料和衣物,0.8651407,具有侧片或带元件的吸收性衣物
一种吸湿放湿性热收缩膜及其制备方法,0.8570269,具有侧片或带元件的吸收性衣物
用于纤维束拉断声发射测量的隔声吸音罩及方法和用途,0.8848167,使用具有不同性能特性的接收器的听力仪器
一种具有多向隔振功能、用于超声波装置的换能器,0.87078,使用具有不同性能特性的接收器的听力仪器
具有非侵入式语音清晰度的听力设备和方法,0.8100409,使用具有不同性能特性的接收器的听力仪器
用于监控线路的方法和具有线路的测量装置,0.8826806,使用具有不同性能特性的接收器的听力仪器
具有可变输出电压限制的恒定阻抗发射器,0.8869876,使用具有不同性能特性的接收器的听力仪器
测量仪器、传输器壳体和用于制造测量仪器的方法,0.89249223,使用具有不同性能特性的接收器的听力仪器
一种通信器材检测装置及其检测方法,0.8987578,使用具有不同性能特性的接收器的听力仪器
一种音频采集设备及方法,0.86587167,使用具有不同性能特性的接收器的听力仪器
一种弹射控制机构性能检测装置及其使用方法,0.86821806,使用具有不同性能特性的接收器的听力仪器
一种用触觉提高英语发音质量的装置,0.88196427,使用具有不同性能特性的接收器的听力仪器
遥控器及其用于接收用户语音的方法,0.82808864,使用具有不同性能特性的接收器的听力仪器
用于使用频率响应来测量测试电池的内部阻抗的设备、系统和方法,0.8390556,使用具有不同性能特性的接收器的听力仪器
可语音的测线器,0.8510405,使用具有不同性能特性的接收器的听力仪器
一种使用舒适的听诊器,0.7670204,使用具有不同性能特性的接收器的听力仪器
一种基于听诊器的语音识别装置及其方法,0.72610253,使用具有不同性能特性的接收器的听力仪器
一种内置发光源的新型堆头,0.8946362,含有表面等离子体天线和具有凹槽的波导管的近场光发生器
光学片射出成型模块结构,0.8661843,含有表面等离子体天线和具有凹槽的波导管的近场光发生器
发光面板、发光面板的制作方法及显示设备,0.8609871,含有表面等离子体天线和具有凹槽的波导管的近场光发生器
紫外光发光二极管及其基板以及其基板的制造方法,0.8582818,含有表面等离子体天线和具有凹槽的波导管的近场光发生器
一种PTC发热线及具有PTC发热线的发热装置,0.8516499,含有表面等离子体天线和具有凹槽的波导管的近场光发生器
一种具有截光结构的非球面光学透镜,0.84121287,含有表面等离子体天线和具有凹槽的波导管的近场光发生器
定向发声的超声波模组,0.893703,含有表面等离子体天线和具有凹槽的波导管的近场光发生器
一种有机电致发光器件,0.8650475,含有表面等离子体天线和具有凹槽的波导管的近场光发生器
一种可以实现方形光斑均匀照明的非球面透镜,0.86858505,含有表面等离子体天线和具有凹槽的波导管的近场光发生器
基于外辐射源的雷达成像算法,0.86988455,含有表面等离子体天线和具有凹槽的波导管的近场光发生器
阳极和X射线生成管、X射线生成装置和放射线照相系统,0.8791085,含有表面等离子体天线和具有凹槽的波导管的近场光发生器
单色量子点发光二极管的结构及制备方法,0.82422304,含有表面等离子体天线和具有凹槽的波导管的近场光发生器
微波光子双波段雷达探测方法及微波光子双波段雷达,0.8176622,含有表面等离子体天线和具有凹槽的波导管的近场光发生器
有机发光装置及阵列基板,0.7961509,含有表面等离子体天线和具有凹槽的波导管的近场光发生器
一种有机发光显示面板及有机发光显示装置,0.79245156,含有表面等离子体天线和具有凹槽的波导管的近场光发生器
有机电致发光显示面板及显示装置,0.88524526,含有表面等离子体天线和具有凹槽的波导管的近场光发生器
适用于单光子激光成像雷达的自适应控制的收发光学系统,0.88673425,含有表面等离子体天线和具有凹槽的波导管的近场光发生器
有机电致发光材料和装置,0.8897496,含有表面等离子体天线和具有凹槽的波导管的近场光发生器
认证方法、系统和存储介质,0.6271236,光学数据存储介质及其制作方法
多载波下的资源选择方法、装置及计算机设备、存储介质,0.62395567,光学数据存储介质及其制作方法
基于OFDM的数据传输方法、装置、设备和存储介质,0.6163338,光学数据存储介质及其制作方法
三维数据的处理方法、装置、设备和存储介质,0.53716934,光学数据存储介质及其制作方法
数据隐私保护方法、装置、系统及存储介质,0.6017612,光学数据存储介质及其制作方法
一种图像分类的方法、装置及计算机可读存储介质,0.5858088,光学数据存储介质及其制作方法
AR模型处理方法、装置、电子设备及可读存储介质,0.58231694,光学数据存储介质及其制作方法
图像采集方法、装置、电子设备和计算机可读存储介质,0.59957933,光学数据存储介质及其制作方法
对数据链路的状态信息进行显示的方法、装置及存储介质,0.56865203,光学数据存储介质及其制作方法
模型数据的载入方法、装置、设备和存储介质,0.5517361,光学数据存储介质及其制作方法
数值展示方法、装置及计算机可读存储介质,0.5472999,光学数据存储介质及其制作方法
曝光剂量评价方法、装置及计算机可读存储介质,0.5246799,光学数据存储介质及其制作方法
一种数据模型构建方法、装置、设备及存储介质,0.5288341,光学数据存储介质及其制作方法
基于OLAP的数据查询方法、装置、设备及存储介质,0.5747751,光学数据存储介质及其制作方法
一种画面参数计算方法、装置及存储介质,0.6240861,光学数据存储介质及其制作方法
图像处理方法、装置及计算机可读存储介质,0.59933174,光学数据存储介质及其制作方法
一种信息加载的方法及装置、电子设备、存储介质,0.58989817,光学数据存储介质及其制作方法
一种测距控制方法及装置,0.638314,感测放大器及其操作方法
一种小振幅快速温度控制装置及方法,0.68891245,感测放大器及其操作方法
传感器装置,0.6855069,感测放大器及其操作方法
无线传感器及供电方法,0.64785796,感测放大器及其操作方法
温度操纵装置及其制备方法,0.6830945,感测放大器及其操作方法
测量装置及其测量方法,0.6817003,感测放大器及其操作方法
电感器部件及其制造方法,0.64448965,感测放大器及其操作方法
用于操作磁致伸缩位置测量装置的方法,0.7257541,感测放大器及其操作方法
像素感应电路及其驱动方法、图像传感器、电子设备,0.7263464,感测放大器及其操作方法
一种基于激光对射传感器的拖拉机电控换挡装置及方法,0.7272218,感测放大器及其操作方法
校准方法及校准装置,0.72762406,感测放大器及其操作方法
测定方法和测定装置,0.7130264,感测放大器及其操作方法
电感调整装置,0.6514623,感测放大器及其操作方法
邻近传感器及其检测方法,0.70607674,感测放大器及其操作方法
一种图像放大方法和图像放大装置,0.6652885,感测放大器及其操作方法
车辆的离合器装置,0.5163249,离心式离合器和包括该离心式离合器的跨骑式车辆
一种减速机用过载离合器,0.69289094,离心式离合器和包括该离心式离合器的跨骑式车辆
一种用于大型回转设备盘车装置的离合器,0.84865785,离心式离合器和包括该离心式离合器的跨骑式车辆
离合器式超磁致旋转驱动装置,0.854414,离心式离合器和包括该离心式离合器的跨骑式车辆
一种工业级氢氧化钙生产设备及其生产工艺,0.7271314,用于加工骨产品的系统、方法及设备
一种微型异型弹簧的加工设备及制备方法,0.7270842,用于加工骨产品的系统、方法及设备
用于半导体制造工艺的度量方法,0.7257935,用于加工骨产品的系统、方法及设备
数控加工过程关键参数识别方法、装置及设备,0.72466516,用于加工骨产品的系统、方法及设备
一种制备猪骨源调味料的方法,0.72347844,用于加工骨产品的系统、方法及设备
一种抗感染促进成骨的钛合金植入物及其制备方法,0.7076285,用于加工骨产品的系统、方法及设备
一种铸钢的制备方法,0.70704937,用于加工骨产品的系统、方法及设备
成型机和用于控制成型机的方法,0.6997912,用于加工骨产品的系统、方法及设备
一种钙华砖及其制备方法和应用,0.69710964,用于加工骨产品的系统、方法及设备
一种打样方法及系统、计算机设备、真空石的生产方法,0.68991935,用于加工骨产品的系统、方法及设备
一种饲料及其制备方法,0.6867846,用于加工骨产品的系统、方法及设备
用于加工玻璃的方法和设备,0.65289354,用于加工骨产品的系统、方法及设备
一种机械加工装置及其加工方法,0.58144975,用于加工骨产品的系统、方法及设备
用于生产混合复合材料部件的设备和方法,0.62504727,用于加工骨产品的系统、方法及设备
一种全自动水切割生产设备及其加工方法,0.6843293,用于加工骨产品的系统、方法及设备
一种改进的铝制活塞加工方法,0.67798495,用于加工骨产品的系统、方法及设备
用于生产人造石的机械、设备以及工艺,0.6589913,用于加工骨产品的系统、方法及设备
一种膨化食品制作加工设备及膨化食品制作加工方法,0.65426934,用于加工骨产品的系统、方法及设备
一种高阻燃聚氯乙烯电缆材料,0.6429684,阻气用材料
用于气体轴承组件的流体填充式阻尼器,0.6364648,阻气用材料
一种阻燃泡沫塑料及其制备方法,0.61672825,阻气用材料
一种建筑用阻燃结构,0.61209327,阻气用材料
一种绝缘漆生产用供料装置,0.7224512,阻气用材料
一种环保绝缘材料,0.72816145,阻气用材料
一种阻燃抗静电聚乙烯管材及其制备方法,0.71740925,阻气用材料
一种车用低烟阻燃聚乙烯发泡材料,0.6094969,阻气用材料
一种高流动性阻燃母料,0.51703876,阻气用材料
一种阻燃密封材料及其制备方法,0.49453187,阻气用材料
一种车用阻燃隔音密封条的制备方法,0.6975271,阻气用材料
一种阻燃耐酸碱电缆材料,0.64516336,阻气用材料
一种利用工业镁渣制作保温板的混料装置,0.77735204,阻气用材料
一种塔器用防振粘滞阻尼器,0.7893888,阻气用材料
一种金属外壳燃气高压导线,0.6803173,阻气用材料
具有阻燃性的电缆绝缘层及其制备方法,0.67277086,阻气用材料
用于爆炸性气体的防爆泄爆系统,0.66348183,阻气用材料
一种气体泄漏监测装置,0.7883162,阻气用材料
防辐射绝缘材料的制备方法,0.7627537,阻气用材料
一种导电尼龙材料及其制备方法,0.7824015,阻气用材料
一种复合阻燃木材及生产工艺,0.7334429,阻气用材料
一种用于玻璃钢化粪池的阻燃抗压复合材料及其制备方法,0.73616534,阻气用材料
化学交联双耐油耐低温低烟无卤阻燃护套料及其制备方法,0.742489,阻气用材料
抗老化电缆绝缘材料及其制备方法,0.7451122,阻气用材料
一种磷氮高负载水滑石阻燃剂的制备方法,0.6942837,阻气用材料
具有集成触摸屏的显示装置及其制造方法,0.57384264,用于执行闪光模式的触摸屏显示装置和操作该装置的方法
触摸显示装置及其驱动方法,0.43610138,用于执行闪光模式的触摸屏显示装置和操作该装置的方法
显示装置以及背光驱动方法,0.57209575,用于执行闪光模式的触摸屏显示装置和操作该装置的方法
一种触控显示面板和触控显示装置,0.5929582,用于执行闪光模式的触摸屏显示装置和操作该装置的方法
显示面板的驱动方法及显示装置,0.68685323,用于执行闪光模式的触摸屏显示装置和操作该装置的方法
一种触控显示面板和装置,0.6194993,用于执行闪光模式的触摸屏显示装置和操作该装置的方法
一种显示面板、显示面板的驱动方法和显示装置,0.6679837,用于执行闪光模式的触摸屏显示装置和操作该装置的方法
一种显示面板的驱动模块、驱动方法和显示装置,0.67619705,用于执行闪光模式的触摸屏显示装置和操作该装置的方法
触摸显示装置、笔、触摸系统、触摸电路以及笔识别方法,0.62751466,用于执行闪光模式的触摸屏显示装置和操作该装置的方法
一种基于光学式的多点触控识别系统及方法,0.68297017,用于执行闪光模式的触摸屏显示装置和操作该装置的方法
内嵌式显示设备及其扫描方法,0.69034374,用于执行闪光模式的触摸屏显示装置和操作该装置的方法
扫描频率设置方法和扫描方法、装置、设备和红外触摸框,0.6961824,用于执行闪光模式的触摸屏显示装置和操作该装置的方法
一种屏下光学指纹感测装置及感测方法,0.65862435,用于执行闪光模式的触摸屏显示装置和操作该装置的方法
一种显示装置及其驱动方法,0.6504472,用于执行闪光模式的触摸屏显示装置和操作该装置的方法
一种显示装置的驱动方法、驱动模块和显示装置,0.6290371,用于执行闪光模式的触摸屏显示装置和操作该装置的方法
触摸框发射管及其光源位置设定方法,0.6362653,用于执行闪光模式的触摸屏显示装置和操作该装置的方法
一种显示面板、显示装置和显示装置的驱动方法,0.6410575,用于执行闪光模式的触摸屏显示装置和操作该装置的方法
锁,0.70778656,隐藏钥匙孔的开锁装置
机动车锁,0.8771281,隐藏钥匙孔的开锁装置
锁口,0.71560705,隐藏钥匙孔的开锁装置
一种儿童专用可开门的锁具,0.73299456,隐藏钥匙孔的开锁装置
滑动式门的开闭装置,0.7587717,隐藏钥匙孔的开锁装置
车辆用上锁开锁控制系统,0.77839124,隐藏钥匙孔的开锁装置
一种自动锁螺丝装置,0.7807314,隐藏钥匙孔的开锁装置
开关柜安全门锁,0.647301,隐藏钥匙孔的开锁装置
快速拆装锁紧装置,0.78616726,隐藏钥匙孔的开锁装置
车辆用自动解锁装置,0.80796885,隐藏钥匙孔的开锁装置
一种安全带插锁安装结构,0.82259625,隐藏钥匙孔的开锁装置
一次性开锁的管理办法,0.82292086,隐藏钥匙孔的开锁装置
机动车门锁,0.82729346,隐藏钥匙孔的开锁装置
一种自动开窗器及自动开窗柜门,0.834402,隐藏钥匙孔的开锁装置
电动自行车的加锁系统及开锁方法,0.84221387,隐藏钥匙孔的开锁装置
一种汽车门窗开关,0.8508201,隐藏钥匙孔的开锁装置
组合锁,0.8525034,隐藏钥匙孔的开锁装置
可拆装锁,0.6538014,隐藏钥匙孔的开锁装置
保险门锁,0.8798465,隐藏钥匙孔的开锁装置
锁芯、钥匙和开锁方法,0.5694418,隐藏钥匙孔的开锁装置
半导体装置及其制作方法,0.5243854,封装结构及其封装结构的制造方法
半导体装置及其制造方法,0.5274807,封装结构及其封装结构的制造方法
半导体装置和半导体装置的制造方法,0.5462902,封装结构及其封装结构的制造方法
半导体装置以及半导体装置的制造方法,0.54407185,封装结构及其封装结构的制造方法
单体双金属板封装结构及其封装方法,0.5308026,封装结构及其封装结构的制造方法
集成电路组件及具有所述集成电路组件的封装结构,0.5351476,封装结构及其封装结构的制造方法
