label	name
CN102473481A	屏蔽电线
CN108540263A	通信系统及通信系统的通信方法
CN101777207A	纸币计数器
CN102421414A	用于治疗前列腺癌的组合物
CN101872628A	光学数据存储介质及其制作方法
CN102301608A	双工器模块
CN101983085A	通过带电离子疗法的患者肿瘤的治疗
CN102244698A	移动终端和在其上显示3D图像的方法
CN102574137A	具有电磁屏蔽件的放电装置
CN102362285A	通知装置、通知系统、通知装置的控制方法、控制程序以及存储有该程序的计算机可读取存储介质
CN102160467A	用于驱动放电灯的电路装置和方法
CN101981704A	太阳能电池、太阳能电池串及太阳能电池组件
CN102341248A	热敏记录材料及其制造方法
CN102482687A	骨化三醇或骨化二醇的生产促进用缓冲液组合物及利用其的骨化三醇或骨化二醇的制造方法
CN101981230A	印刷电路板用铜箔及印刷电路板用包铜层压板
CN101990566A	磁性颜料和提高磁性的方法
CN102273789A	多功能拉杆箱
CN101727248A	用于执行闪光模式的触摸屏显示装置和操作该装置的方法
CN102166959A	车辆用电源装置和车辆以及车辆侧负载的非接触状态检测方法
CN102047468A	圆筒形电池
CN102307612A	针头在皮内注射装置中的定位
CN102105703A	用于将元件固定在壁的钥匙孔形切口中的固定装置和方法
CN102216026A	包含反应性添加料的焊接材料,包含这种焊接材料的载体元件或构件以及助熔剂的用途
CN102197964A	用于烹饪制备的家电设备
CN102421415A	具有支架的输送系统
CN101808646A	用于改善帕金森氏病的运动并发症或精神症状的药剂
CN102176318A	用于数据交换的器件、系统和方法
CN102084570A	发电系统的电力贮存装置以及该电力贮存装置的运用方法
CN102123808A	构造成支撑可移除附接件的动力工具
CN102298987A	树脂膜片的用途
CN102428691A	通信网络信号发送
CN102317979A	基于场景内容可视化点云数据的方法
CN101965595A	处理有价文件的方法和设备
CN101902999A	具有侧片或带元件的吸收性衣物
CN206249568U	一种可升降信号灯
CN103942873A	纸币处理装置、纸币处理方法
CN101987371A	铁轨穿孔机
CN101892866A	用于转子叶片的低应力周向燕尾榫附连
CN102099267A	用来对容器的内容物进行压缩的罩盖构造
CN101872629A	含有表面等离子体天线和具有凹槽的波导管的近场光发生器
CN101840723A	感测放大器及其操作方法
CN102216027A	用于以减小的管直径制造管翅式换热器的发夹管膨胀机
CN102471789A	用于通过N-酰基或N-胍基保护的1,4-丁二胺前体制备1,4-丁二胺的方法
CN102195570A	光放大电路和光电耦合器
CN102066784A	线性滚动轴承和具有线性滚动轴承的换档装置
CN109715314A	回收砂冷却系统及回收砂冷却方法
CN102112706A	花键连接结构以及在凸轮轴和可动凸轮支承件之间具有花键连接结构的气门机构
CN102273786A	一种分类易取式储蓄罐
CN101725278A	隐藏钥匙孔的开锁装置
CN102123809A	带锯刀
CN102084571A	用于传输电力的设备
CN102386739A	轴向间隙型旋转电机
CN102119482A	具有相位优化的波峰因数降低
CN102239491A	用于建议的改进词语和纵向搜索的预览搜索结果技术
CN102575919A	用于清洁火器的管筒内侧的装置
CN102284228A	用于集成酸性气体去除与碳捕集的系统
CN110296568A	冷藏库和冷藏库系统
CN102310859A	在车辆中推荐节约燃料的驾驶风格的方法、系统和设备
CN204977295U	一种矿灯槽盖注塑模具
CN303450202S	包装瓶(水包装瓶)
CN102268917A	建筑物内外壁及地面的石材板材施工方法
CN101920687A	设有释放机构的车辆的控制踏板
CN101801202A	用于加工骨产品的系统、方法及设备
CN102421416A	包含丁卡因和血管收缩剂的用于鼻内给药的牙麻醉剂
CN101183677	封装结构及其封装结构的制造方法
CN204334592U	一种游船广播系统
CN102144290A	倒装芯片过模封装件
CN102227508A	连续真空炼锅
CN101772516A	阻气用材料
CN102197964A	用于烹饪制备的家电设备
CN205433705U	电子设备、电子设备系统
CN102264768A	改性天然橡胶、其生产方法和使用其的橡胶组合物以及轮胎
CN101818767A	离心式离合器和包括该离心式离合器的跨骑式车辆
CN102590729A	元件基板、检查方法及半导体装置制造方法
CN101897201A	使用具有不同性能特性的接收器的听力仪器
CN105990874A	充电方法、充电设备和充电控制设备
CN205630465U	一种分块式水导瓦拆卸工具
CN102365847A	用于中间联网设备的可验证的服务策略实现
CN101965596A	票据处理
CN102045462A	用于异构会话管理的统一接口的方法和装置
CN102341250A	颜料套装
CN102047470A	电池单元互连系统
CN102102686A	低频率的合成射流促动器及其制造方法
CN102597168A	用于液晶介质的化合物及其用于高频组件的用途
CN101908266A	信号转换装置、信号处理装置以及信号转换传送系统
CN102066785A	线性引导件
CN102084572A	发电机网络和本地电力系统
CN106002036A	安全壳钢衬里分片高空焊接工装仪
CN102216028A	光伏打模块修整方法及装置
CN102310860A	在牵引拖车的车辆中安全超驰无意识加速保护
CN102052334A	用于车辆通风的风扇系统
CN102482689A	从稀水溶液回收高级醇
CN102439223A	一种在织品上提供三维图案的贴花及其制作和使用方法
CN102040929A	粘合剂组合物、粘合剂及光学膜
CN102158266A	采用空间分集改善无线链路鲁棒性的方法和系统
CN102574139A	一体式阀杆润滑筒
CN102195571A	开关电容放大器
CN101981232A	用于氯化氢电解的电解槽
CN202707391U	一种滑扭重力发电机组
CN102555727A	电液加热系统的故障检测和处理的综合方法
